Workbook

Sheet Cmg_Barra
B3: S/./MWh | C3: AGUAYTIA 13.8 | D3: AGUAYTIA 138 | E3: AGUAYTIA 22.9 | F3: AGUAYTIA 220 | G3: ALTO PRADERAS 220kV | H3: ARICOTA1 66 | I3: ARICOTA2 138 | J3: ARICOTA66 | K3: ASIA 220 | L3: AUCAYACU 138 | M3: AYAVIRI 138 | N3: AZANGARO 138 | O3: BELAUNDE 138 | P3: BOTIFLACA 138 | Q3: CACHIMAYO 138 | R3: CAHUA 10 | S3: CAHUA138 | T3: CAJAMARCA 220 | U3: CAJAMARQUILLA 220 | V3: CALLAHUANCA 60 | W3: CALLAHUANCA EDEGEL 220 | X3: CALLALLI 138 | Y3: CAMPO ARMIÑO 220 | Z3: CANTERA 220 | AA3: CARABAYLLO 220 | AB3: CARHUAMAYO 138 | AC3: CARHUAQUE10 | AD3: CARHUAQUERO 220 | AE3: CARIPA138 | AF3: CATKATO4.16 | AG3: CCORONA220 | AH3: CERRO DEL AGUILA 13.8 | AI3: CERRO DEL AGUILA 220 | AJ3: CERRO VERDE 138 | AK3: CH OROYA 50 | AL3: CHAGLLA 220 | AM3: CHARCANI I 33 | AN3: CHARCANI IV 33 | AO3: CHARCANI VI 33 | AP3: CHAVARRIA 220 | AQ3: CHEVES 220 | AR3: CHICLAYO 220 | AS3: CHILCA DOS 13.8 | AT3: CHILCA REP 220 | AU3: CHILCA UNO 220 | AV3: CHILCA500 | AW3: CHILCACTM220 | AX3: CHILCAI16 | AY3: CHILID10.5 | AZ3: CHILINA 138 | BA3: CHILINA 33 | BB3: CHILITG13.8 | BC3: CHIMAY220 | BD3: CHIMBOTE1 138 | BE3: CHIMBOTE1 220 | BF3: COMBAPATA 138 | BG3: CONDORCOCHA 138 | BH3: CONDORCOCHA 44 | BI3: COTARUSE 220 | BJ3: CPATO13.8 | BK3: CT ETEN 220 | BL3: CT INDEPENDENCIA 60 | BM3: CT PISCO 60 | BN3: CT PLANTA PUCALLPA 60 | BO3: CTILO217 | BP3: CUTERVO 138 | BQ3: DESIERTO 220 | BR3: DOLORESPATA 10.5 | BS3: DOLORESPATA 138 | BT3: ETEN 18 | BU3: FENIX 500 | BV3: FENIX18 | BW3: GALLITO CIEGO 60 | BX3: GUADALUPE 220 | BY3: GUADALUPE 60 | BZ3: HUACHO 220 | CA3: HUALLANCA 138 | CB3: HUAMPANI 60 | CC3: HUANCAVELICA 220 | CD3: HUANCHOR50 | CE3: HUANUCO 138 | CF3: HUANZA 220 | CG3: HUAYLLACHO 15 | CH3: HUAYUCACHI 220 | CI3: HUINCO 220 | CJ3: HUINCO12.5 | CK3: ICA 220 | CL3: ILO ELP 138 | CM3: ILO1 138 | CN3: ILO2 220 | CO3: ILO4-18 | CP3: ILOTG1 | CQ3: INDEPENDENCIA 220 | CR3: INDEPENDENCIA 60 | CS3: INDUSTRIALES 220 | CT3: JULIACA 138 | CU3: JULIACA10 | CV3: KALLPA16.5 | CW3: LA NIÑA 220 | CX3: LA RAMADA 220 | CY3: LANIÑA500 | CZ3: LAS FLORES 220 | DA3: LFLORES16.5 | DB3: LOMERA 220 | DC3: LOS HEROES 220 | DD3: LOS HEROES 66 | DE3: MACHUPICCHU 138 | DF3: MALPASO 50 | DG3: MALPASO6.9 | DH3: MARAÑON 60 | DI3: MARCONA 220 | DJ3: MATUCANA 220 | DK3: MATUCANA 12.5 | DL3: MAZUCO138 | DM3: MISAPUQUIO 33 | DN3: MOLLENDO 138 | DO3: MOLLENDO13.8 | DP3: MONTALVO220 | DQ3: MOQUEGUA 138 | DR3: MOYOPAMPA 60 | DS3: NCTUMBES60 | DT3: OLLEROS 500 | DU3: OLLEROS16.5 | DV3: OQUENDO60 | DW3: OROYA NUEVA 50 | DX3: OROYA220 | DY3: PACHACHACA 220 | DZ3: PACHACHACA50 | EA3: PARAGSHA2 138 | EB3: PARAGSHA2 220 | EC3: PARAMONGA EXISTENTE 138 | ED3: PARAMONGA NUEVA 138 | EE3: PARAMONGA NUEVA 220 | EF3: PARIAC 66 | EG3: PIEDRA BLANCA 34.5 kV | EH3: PIURA OESTE 220 | EI3: PLANICIE220 | EJ3: PLANTAETANOL 60 | EK3: PLATANAL13.8 | EL3: PLATANAL220 | EM3: POMACOCHA 220 | EN3: POROMA 220 | EO3: PUCALLPA 0.5 | EP3: PUCALLPA 60 | EQ3: PUERTO BRAVO 18 | ER3: PUERTO BRAVO 500 | ES3: PUERTO MALDONADO 0.5 | ET3: PUERTO MALDONADO 10 | EU3: PUNO 138 | EV3: QUENCORO 138 | EW3: QUITARACSA 220 | EX3: RECKA 220 | EY3: RECKA18 | EZ3: REPARTICIÓN 138 | FA3: RESTITUCIÓN 220 | FB3: S.E. ILO4 500 | FC3: SAN ANTONIO 15 | FD3: SAN GABAN 138 | FE3: SAN IGNACIO 15 | FF3: SAN JOSÉ 500 kV | FG3: SAN JUAN 220 | FH3: SAN NICOLAS 13.8 | FI3: SANTA ISABEL 220 | FJ3: SANTA ROSA 220 | FK3: SANTA TERESA 220 | FL3: SANTUARIO 138 | FM3: SOCABAYA 138 | FN3: SOCABAYA 220 | FO3: SROSATG7 | FP3: SROSATG8 | FQ3: SROSAUTI | FR3: TABLAZO 13.8 | FS3: TABLAZO 60 | FT3: TALARA 220 | FU3: TALARA13.2 | FV3: TALARA13.8 | FW3: TG5_16.5 | FX3: TINGO MARIA 138 | FY3: TINTAYA EXISTENTE 138 | FZ3: TINTAYA NUEVA 220 | GA3: TOCACHE 138 | GB3: TOQUEPALA 138 | GC3: TRUJILLO 220 | GD3: VENTANILLA 220 | GE3: VENTANILLA16 | GF3: VIZCARRA 220 | GG3: YANANGO220 | GH3: YAUPI13.8 | GI3: YAUPI138 | GJ3: ZAPALLAL 220 | GK3: ZORRITOS 220
B4: 43431.021 | C4: 23.861898 | D4: 23.89229 | E4: 23.880124 | F4: 23.861874 | G4: 24.246491 | H4: 25.796297 | I4: 25.89315 | J4: 25.844628 | K4: 24.554994 | L4: 23.950037 | M4: 25.589656 | N4: 25.062045 | O4: 24.213224 | P4: 25.864525 | Q4: 24.332817 | R4: 23.387597 | S4: 23.418455 | T4: 23.95427 | U4: 24.138377 | V4: 23.865533 | W4: 23.794142 | X4: 26.465406 | Y4: 22.904412 | Z4: 24.523938 | AA4: 24.134263 | AB4: 22.41349 | AC4: 23.756692 | AD4: 23.91471 | AE4: 22.542232 | AF4: 25.992736 | AG4: 24.012194 | AH4: 23.140634 | AI4: 23.218515 | AJ4: 25.754283 | AK4: 22.562555 | AL4: 21.119863 | AM4: 24.825033 | AN4: 24.223851 | AO4: 24.954694 | AP4: 24.214909 | AQ4: 23.328671 | AR4: 24.617597 | AS4: 23.914961 | AT4: 24.113659 | AU4: 23.987799 | AV4: 23.972983 | AW4: 23.997654 | AX4: 23.954079 | AY4: 25.768734 | AZ4: 25.82927 | BA4: 25.768533 | BB4: 25.768598 | BC4: 22.153706 | BD4: 24.216187 | BE4: 24.210457 | BF4: 25.46027 | BG4: 22.546694 | BH4: 22.546694 | BI4: 24.412386 | BJ4: 23.048716 | BK4: 24.596684 | BL4: 24.464125 | BM4: 24.464125 | BN4: 24.946697 | BO4: 25.563895 | BP4: 23.879412 | BQ4: 24.374632 | BR4: 24.539879 | BS4: 24.463566 | BT4: 24.596684 | BU4: 23.972983 | BV4: 23.872002 | BW4: 24.11063 | BX4: 24.482164 | BY4: 24.485502 | BZ4: 23.804341 | CA4: 23.121919 | CB4: 23.865533 | CC4: 23.334808 | CD4: 27.582272 | CE4: 22.704457 | CF4: 23.723757 | CG4: 28.059364 | CH4: 23.142498 | CI4: 24.010085 | CJ4: 23.978178 | CK4: 24.45795 | CL4: 25.905133 | CM4: 25.992535 | CN4: 25.551539 | CO4: 25.361753 | CP4: 25.992577 | CQ4: 24.366547 | CR4: 24.464125 | CS4: 24.224222 | CT4: 25.424916 | CU4: 25.444101 | CV4: 24.113664 | CW4: 24.399708 | CX4: 23.662753 | CY4: 24.392196 | CZ4: 23.997654 | DA4: 23.997654 | DB4: 24.016636 | DC4: 25.811164 | DD4: 25.929962 | DE4: 23.212776 | DF4: 21.587409 | DG4: 21.540057 | DH4: 21.750746 | DI4: 24.586129 | DJ4: 23.757193 | DK4: 23.716502 | DL4: 22.985819 | DM4: 27.408263 | DN4: 26.064321 | DO4: 26.06437 | DP4: 25.499007 | DQ4: 25.551539 | DR4: 23.865533 | DS4: 26.2241 | DT4: 23.972983 | DU4: 23.890562 | DV4: 24.109396 | DW4: 22.737271 | DX4: 22.722625 | DY4: 23.318814 | DZ4: 23.444305 | EA4: 22.515419 | EB4: 22.388917 | EC4: 23.952515 | ED4: 23.835285 | EE4: 23.786443 | EF4: 24.942608 | EG4: 22.538348 | EH4: 25.84528 | EI4: 24.211149 | EJ4: 26.712419 | EK4: 23.996152 | EL4: 23.996152 | EM4: 23.430912 | EN4: 24.528024 | EO4: 24.946697 | EP4: 24.946697 | EQ4: 25.316683 | ER4: 25.316192 | ES4: 23.667843 | ET4: 23.667843 | EU4: 25.440594 | EV4: 24.491637 | EW4: 23.364424 | EX4: 24.596684 | EY4: 24.596684 | EZ4: 25.913815 | FA4: 22.89672 | FB4: 25.361753 | FC4: 28.058967 | FD4: 22.7022 | FE4: 28.058967 | FF4: 25.315037 | FG4: 24.23284 | FH4: 25.170621 | FI4: 22.181572 | FJ4: 24.221569 | FK4: 23.491976 | FL4: 25.783523 | FM4: 25.655034 | FN4: 25.600764 | FO4: 24.221589 | FP4: 24.221569 | FQ4: 24.221581 | FR4: 26.442304 | FS4: 26.442304 | FT4: 25.342764 | FU4: 25.364833 | FV4: 25.275813 | FW4: 25.941635 | FX4: 23.757712 | FY4: 26.476473 | FZ4: 26.451704 | GA4: 24.359149 | GB4: 25.960381 | GC4: 24.34893 | GD4: 24.143233 | GE4: 24.09222 | GF4: 23.304329 | GG4: 22.397533 | GH4: 21.657714 | GI4: 21.729007 | GJ4: 24.132034 | GK4: 26.185841
B5: 43431.042 | C5: 23.903665 | D5: 23.933325 | E5: 23.921452 | F5: 23.903641 | G5: 24.334817 | H5: 25.993092 | I5: 26.078277 | J5: 26.033219 | K5: 24.916236 | L5: 23.995712 | M5: 25.746298 | N5: 25.213578 | O5: 24.23517 | P5: 26.043373 | Q5: 24.444318 | R5: 23.41454 | S5: 23.446686 | T5: 23.995322 | U5: 24.21034 | V5: 23.938726 | W5: 23.872175 | X5: 26.631904 | Y5: 23.042424 | Z5: 24.898164 | AA5: 24.214269 | AB5: 22.462636 | AC5: 23.793941 | AD5: 23.950599 | AE5: 22.594041 | AF5: 26.156217 | AG5: 24.055649 | AH5: 23.246685 | AI5: 23.332591 | AJ5: 25.919491 | AK5: 22.620606 | AL5: 21.139694 | AM5: 25.107215 | AN5: 24.595523 | AO5: 25.226474 | AP5: 24.283147 | AQ5: 23.394824 | AR5: 24.641804 | AS5: 24.00906 | AT5: 24.214455 | AU5: 24.082085 | AV5: 24.064177 | AW5: 24.09184 | AX5: 24.0488 | AY5: 25.966067 | AZ5: 26.007897 | BA5: 25.965866 | BB5: 25.965931 | BC5: 22.267801 | BD5: 24.270084 | BE5: 24.265742 | BF5: 25.586363 | BG5: 22.598227 | BH5: 22.598227 | BI5: 24.561637 | BJ5: 23.072897 | BK5: 24.622518 | BL5: 24.861965 | BM5: 24.861965 | BN5: 24.954352 | BO5: 25.727208 | BP5: 23.915248 | BQ5: 24.661832 | BR5: 24.638329 | BS5: 24.567173 | BT5: 24.622518 | BU5: 24.064177 | BV5: 23.962952 | BW5: 24.129193 | BX5: 24.516913 | BY5: 24.520176 | BZ5: 23.868358 | CA5: 23.148372 | CB5: 23.938726 | CC5: 23.541861 | CD5: 27.589963 | CE5: 22.734982 | CF5: 23.935434 | CG5: 28.23589 | CH5: 23.301683 | CI5: 24.072894 | CJ5: 24.036594 | CK5: 24.81549 | CL5: 26.068887 | CM5: 26.156313 | CN5: 25.713555 | CO5: 25.520731 | CP5: 26.156356 | CQ5: 24.765322 | CR5: 24.861965 | CS5: 24.296854 | CT5: 25.574351 | CU5: 25.593565 | CV5: 24.21446 | CW5: 24.44599 | CX5: 23.704977 | CY5: 24.439255 | CZ5: 24.09184 | DA5: 24.09184 | DB5: 24.085129 | DC5: 25.969704 | DD5: 26.084098 | DE5: 23.352343 | DF5: 21.644064 | DG5: 21.59659 | DH5: 21.793225 | DI5: 24.748069 | DJ5: 23.825835 | DK5: 23.786217 | DL5: 23.117996 | DM5: 27.580692 | DN5: 26.23668 | DO5: 26.236729 | DP5: 25.659582 | DQ5: 25.713555 | DR5: 23.938726 | DS5: 26.17082 | DT5: 24.064177 | DU5: 23.981453 | DV5: 24.17424 | DW5: 22.795625 | DX5: 22.783035 | DY5: 23.414941 | DZ5: 23.450842 | EA5: 22.567614 | EB5: 22.436852 | EC5: 24.002945 | ED5: 23.890762 | EE5: 23.844025 | EF5: 24.971144 | EG5: 22.570845 | EH5: 25.797873 | EI5: 24.286654 | EJ5: 26.64624 | EK5: 24.214455 | EL5: 24.214455 | EM5: 23.525932 | EN5: 24.671097 | EO5: 24.954352 | EP5: 24.954352 | EQ5: 25.471291 | ER5: 25.470798 | ES5: 23.780123 | ET5: 23.780123 | EU5: 25.59186 | EV5: 24.593694 | EW5: 23.401741 | EX5: 24.622518 | EY5: 24.622518 | EZ5: 26.077676 | FA5: 23.034774 | FB5: 25.520731 | FC5: 28.235491 | FD5: 22.848703 | FE5: 28.235491 | FF5: 25.46964 | FG5: 24.314112 | FH5: 25.332825 | FI5: 22.227217 | FJ5: 24.291342 | FK5: 23.633469 | FL5: 25.952711 | FM5: 25.820522 | FN5: 25.765354 | FO5: 24.291362 | FP5: 24.291342 | FQ5: 24.291355 | FR5: 26.32403 | FS5: 26.32403 | FT5: 25.291738 | FU5: 25.313586 | FV5: 25.224507 | FW5: 25.891931 | FX5: 23.804189 | FY5: 26.643462 | FZ5: 26.620068 | GA5: 24.368722 | GB5: 26.140053 | GC5: 24.397796 | GD5: 24.212826 | GE5: 24.161663 | GF5: 23.349842 | GG5: 22.512588 | GH5: 21.697895 | GI5: 21.770111 | GJ5: 24.209609 | GK5: 26.133046
B6: 43431.063 | C6: 23.832237 | D6: 23.86143 | E6: 23.849743 | F6: 23.832213 | G6: 24.213197 | H6: 25.818408 | I6: 25.893843 | J6: 25.851542 | K6: 24.559457 | L6: 23.909965 | M6: 25.533833 | N6: 25.00864 | O6: 24.176054 | P6: 25.850692 | Q6: 24.289454 | R6: 23.396377 | S6: 23.426246 | T6: 23.9411 | U6: 24.108789 | V6: 23.850938 | W6: 23.775286 | X6: 26.418229 | Y6: 22.898171 | Z6: 24.535212 | AA6: 24.107447 | AB6: 22.427103 | AC6: 23.729425 | AD6: 23.886 | AE6: 22.550604 | AF6: 25.965185 | AG6: 24.000773 | AH6: 23.09609 | AI6: 23.182484 | AJ6: 25.726268 | AK6: 22.565323 | AL6: 21.156265 | AM6: 24.900597 | AN6: 24.385732 | AO6: 25.05207 | AP6: 24.1764 | AQ6: 23.334227 | AR6: 24.564036 | AS6: 23.89412 | AT6: 24.092319 | AU6: 23.966966 | AV6: 23.950627 | AW6: 23.976336 | AX6: 23.935258 | AY6: 25.761844 | AZ6: 25.807884 | BA6: 25.761644 | BB6: 25.761709 | BC6: 22.167331 | BD6: 24.189418 | BE6: 24.182684 | BF6: 25.396532 | BG6: 22.555948 | BH6: 22.555948 | BI6: 24.400434 | BJ6: 23.06054 | BK6: 24.545927 | BL6: 24.48556 | BM6: 24.48556 | BN6: 24.872571 | BO6: 25.540157 | BP6: 23.850744 | BQ6: 24.390504 | BR6: 24.478495 | BS6: 24.408878 | BT6: 24.545927 | BU6: 23.950627 | BV6: 23.850441 | BW6: 24.041484 | BX6: 24.446792 | BY6: 24.449567 | BZ6: 23.790715 | CA6: 23.132745 | CB6: 23.850938 | CC6: 23.332248 | CD6: 27.534921 | CE6: 22.688863 | CF6: 23.819739 | CG6: 28.009346 | CH6: 23.165932 | CI6: 24.004117 | CJ6: 23.981378 | CK6: 24.474985 | CL6: 25.878075 | CM6: 25.964965 | CN6: 25.527966 | CO6: 25.34075 | CP6: 25.965007 | CQ6: 24.38859 | CR6: 24.48556 | CS6: 24.185122 | CT6: 25.368372 | CU6: 25.386547 | CV6: 24.092324 | CW6: 24.364402 | CX6: 23.665616 | CY6: 24.357238 | CZ6: 23.976336 | DA6: 23.976336 | DB6: 23.992009 | DC6: 25.778497 | DD6: 25.88954 | DE6: 23.212814 | DF6: 21.591601 | DG6: 21.545729 | DH6: 21.746815 | DI6: 24.580932 | DJ6: 23.745202 | DK6: 23.708141 | DL6: 22.929045 | DM6: 27.359405 | DN6: 26.018215 | DO6: 26.018264 | DP6: 25.47565 | DQ6: 25.527966 | DR6: 23.798716 | DS6: 26.017786 | DT6: 23.950627 | DU6: 23.868004 | DV6: 24.066834 | DW6: 22.739489 | DX6: 22.727 | DY6: 23.307049 | DZ6: 23.404058 | EA6: 22.534258 | EB6: 22.405277 | EC6: 23.943266 | ED6: 23.823956 | EE6: 23.774246 | EF6: 24.954287 | EG6: 22.525342 | EH6: 25.674628 | EI6: 24.173888 | EJ6: 26.516085 | EK6: 24.092319 | EL6: 24.092319 | EM6: 23.41697 | EN6: 24.512226 | EO6: 24.872571 | EP6: 24.872571 | EQ6: 25.293848 | ER6: 25.293396 | ES6: 23.56786 | ET6: 23.56786 | EU6: 25.390724 | EV6: 24.434424 | EW6: 23.387019 | EX6: 24.545927 | EY6: 24.545927 | EZ6: 25.865427 | FA6: 22.890539 | FB6: 25.34075 | FC6: 28.00895 | FD6: 22.671068 | FE6: 28.00895 | FF6: 25.292334 | FG6: 24.193321 | FH6: 25.179601 | FI6: 22.199984 | FJ6: 24.182612 | FK6: 23.486772 | FL6: 25.756276 | FM6: 25.632113 | FN6: 25.578821 | FO6: 24.182631 | FP6: 24.182612 | FQ6: 24.182624 | FR6: 26.280347 | FS6: 26.280347 | FT6: 25.16825 | FU6: 25.189449 | FV6: 25.101342 | FW6: 25.74235 | FX6: 23.731662 | FY6: 26.420709 | FZ6: 26.396286 | GA6: 24.268378 | GB6: 25.947912 | GC6: 24.315781 | GD6: 24.109408 | GE6: 24.061137 | GF6: 23.300117 | GG6: 22.404575 | GH6: 21.668216 | GI6: 21.740847 | GJ6: 24.103924 | GK6: 25.98048
B7: 43431.083 | C7: 23.777507 | D7: 23.804742 | E7: 23.793839 | F7: 23.777484 | G7: 24.205492 | H7: 25.698443 | I7: 25.780894 | J7: 25.736194 | K7: 24.77254 | L7: 23.851222 | M7: 25.442093 | N7: 24.914509 | O7: 24.120968 | P7: 25.767737 | Q7: 24.155017 | R7: 23.382882 | S7: 23.411925 | T7: 23.889705 | U7: 24.109919 | V7: 23.859118 | W7: 23.779293 | X7: 26.343318 | Y7: 22.90821 | Z7: 24.73238 | AA7: 24.096734 | AB7: 22.386261 | AC7: 23.663826 | AD7: 23.822075 | AE7: 22.520081 | AF7: 25.878676 | AG7: 23.949051 | AH7: 23.116334 | AI7: 23.19698 | AJ7: 25.650143 | AK7: 22.544312 | AL7: 21.143756 | AM7: 24.809608 | AN7: 24.291069 | AO7: 24.965125 | AP7: 24.173447 | AQ7: 23.295461 | AR7: 24.481115 | AS7: 23.887577 | AT7: 24.088664 | AU7: 23.960356 | AV7: 23.941391 | AW7: 23.969646 | AX7: 23.928972 | AY7: 25.674238 | AZ7: 25.727049 | BA7: 25.674038 | BB7: 25.674103 | BC7: 22.188401 | BD7: 24.152311 | BE7: 24.147116 | BF7: 25.282863 | BG7: 22.523266 | BH7: 22.523266 | BI7: 24.282857 | BJ7: 23.04023 | BK7: 24.463893 | BL7: 24.66647 | BM7: 24.66647 | BN7: 24.746595 | BO7: 25.472005 | BP7: 23.786914 | BQ7: 24.498613 | BR7: 24.344384 | BS7: 24.276259 | BT7: 24.463893 | BU7: 23.941391 | BV7: 23.839968 | BW7: 23.932983 | BX7: 24.369637 | BY7: 24.370806 | BZ7: 23.764176 | CA7: 23.111199 | CB7: 23.859118 | CC7: 23.386365 | CD7: 27.616208 | CE7: 22.641923 | CF7: 23.81363 | CG7: 27.929923 | CH7: 23.170477 | CI7: 24.048215 | CJ7: 24.038507 | CK7: 24.621211 | CL7: 25.793426 | CM7: 25.878017 | CN7: 25.458612 | CO7: 25.278775 | CP7: 25.87806 | CQ7: 24.569835 | CR7: 24.66647 | CS7: 24.181342 | CT7: 25.283817 | CU7: 25.301983 | CV7: 24.088669 | CW7: 24.314226 | CX7: 23.623911 | CY7: 24.30796 | CZ7: 23.969646 | DA7: 23.969646 | DB7: 23.973386 | DC7: 25.708195 | DD7: 25.822029 | DE7: 23.071058 | DF7: 21.572107 | DG7: 21.524793 | DH7: 21.728218 | DI7: 24.569634 | DJ7: 23.75623 | DK7: 23.719682 | DL7: 22.784681 | DM7: 27.281825 | DN7: 25.946277 | DO7: 25.946325 | DP7: 25.409358 | DQ7: 25.458612 | DR7: 23.75549 | DS7: 25.841215 | DT7: 23.941391 | DU7: 23.859324 | DV7: 24.061617 | DW7: 22.718517 | DX7: 22.702886 | DY7: 23.308507 | DZ7: 23.47315 | EA7: 22.502107 | EB7: 22.37419 | EC7: 23.914704 | ED7: 23.79522 | EE7: 23.745438 | EF7: 24.931044 | EG7: 22.480422 | EH7: 25.511015 | EI7: 24.162009 | EJ7: 26.347604 | EK7: 24.088664 | EL7: 24.088664 | EM7: 23.416027 | EN7: 24.48954 | EO7: 24.746595 | EP7: 24.746595 | EQ7: 25.240097 | ER7: 25.239607 | ES7: 23.380539 | ET7: 23.380539 | EU7: 25.306135 | EV7: 24.30376 | EW7: 23.354493 | EX7: 24.463893 | EY7: 24.463893 | EZ7: 25.796184 | FA7: 22.900514 | FB7: 25.278775 | FC7: 27.929528 | FD7: 22.531479 | FE7: 27.929528 | FF7: 25.238453 | FG7: 24.187197 | FH7: 25.17527 | FI7: 22.140283 | FJ7: 24.179614 | FK7: 23.350487 | FL7: 25.681085 | FM7: 25.560264 | FN7: 25.507182 | FO7: 24.179633 | FP7: 24.179614 | FQ7: 24.179626 | FR7: 26.009556 | FS7: 26.009556 | FT7: 25.004319 | FU7: 25.025639 | FV7: 24.937311 | FW7: 25.569735 | FX7: 23.683322 | FY7: 26.325711 | FZ7: 26.302539 | GA7: 24.200493 | GB7: 25.837573 | GC7: 24.269626 | GD7: 24.107379 | GE7: 24.061087 | GF7: 23.280192 | GG7: 22.428472 | GH7: 21.605474 | GI7: 21.678571 | GJ7: 24.094029 | GK7: 25.804446
B8: 43431.104 | C8: 23.769285 | D8: 23.796137 | E8: 23.785387 | F8: 23.769261 | G8: 24.192649 | H8: 25.687246 | I8: 25.770905 | J8: 25.726236 | K8: 24.753126 | L8: 23.852307 | M8: 25.414743 | N8: 24.88779 | O8: 24.09493 | P8: 25.743283 | Q8: 24.094633 | R8: 23.378642 | S8: 23.407155 | T8: 23.8676 | U8: 24.109573 | V8: 23.896677 | W8: 23.796296 | X8: 26.314657 | Y8: 22.929631 | Z8: 24.709016 | AA8: 24.091344 | AB8: 22.393253 | AC8: 23.635351 | AD8: 23.791731 | AE8: 22.557671 | AF8: 25.871764 | AG8: 23.926474 | AH8: 23.18231 | AI8: 23.250139 | AJ8: 25.641078 | AK8: 22.561929 | AL8: 21.143593 | AM8: 24.783723 | AN8: 24.266679 | AO8: 24.937268 | AP8: 24.169331 | AQ8: 23.286052 | AR8: 24.439198 | AS8: 23.879136 | AT8: 24.076917 | AU8: 23.951971 | AV8: 23.936574 | AW8: 23.961291 | AX8: 23.920468 | AY8: 25.646925 | AZ8: 25.702168 | BA8: 25.646725 | BB8: 25.64679 | BC8: 22.166583 | BD8: 24.136611 | BE8: 24.131948 | BF8: 25.240408 | BG8: 22.573907 | BH8: 22.573907 | BI8: 24.228757 | BJ8: 23.030465 | BK8: 24.422989 | BL8: 24.639679 | BM8: 24.639679 | BN8: 24.723586 | BO8: 25.457672 | BP8: 23.756614 | BQ8: 24.47547 | BR8: 24.276627 | BS8: 24.213932 | BT8: 24.422989 | BU8: 23.936574 | BV8: 23.835411 | BW8: 23.876395 | BX8: 24.3343 | BY8: 24.335538 | BZ8: 23.753673 | CA8: 23.101139 | CB8: 23.896677 | CC8: 23.394474 | CD8: 27.702674 | CE8: 22.640723 | CF8: 23.81251 | CG8: 27.899536 | CH8: 23.180442 | CI8: 24.060495 | CJ8: 24.060519 | CK8: 24.59548 | CL8: 25.785051 | CM8: 25.872838 | CN8: 25.445312 | CO8: 25.265588 | CP8: 25.87288 | CQ8: 24.544517 | CR8: 24.639679 | CS8: 24.173597 | CT8: 25.259256 | CU8: 25.277413 | CV8: 24.076922 | CW8: 24.291701 | CX8: 23.606584 | CY8: 24.285907 | CZ8: 23.961291 | DA8: 23.961291 | DB8: 23.965293 | DC8: 25.693092 | DD8: 25.806044 | DE8: 23.019413 | DF8: 21.591253 | DG8: 21.541671 | DH8: 21.718555 | DI8: 24.56464 | DJ8: 23.816249 | DK8: 23.782321 | DL8: 22.751002 | DM8: 27.252143 | DN8: 25.942538 | DO8: 25.942587 | DP8: 25.396542 | DQ8: 25.445312 | DR8: 23.673651 | DS8: 25.712535 | DT8: 23.936574 | DU8: 23.854541 | DV8: 24.058951 | DW8: 22.736652 | DX8: 22.71376 | DY8: 23.306857 | DZ8: 23.546644 | EA8: 22.504633 | EB8: 22.376532 | EC8: 23.900793 | ED8: 23.78298 | EE8: 23.733896 | EF8: 24.920192 | EG8: 22.479274 | EH8: 25.394172 | EI8: 24.15352 | EJ8: 26.219909 | EK8: 24.076917 | EL8: 24.076917 | EM8: 23.412387 | EN8: 24.490921 | EO8: 24.723586 | EP8: 24.723586 | EQ8: 25.228663 | ER8: 25.228172 | ES8: 23.338453 | ET8: 23.338453 | EU8: 25.282416 | EV8: 24.243511 | EW8: 23.341439 | EX8: 24.422989 | EY8: 24.422989 | EZ8: 25.789372 | FA8: 22.921949 | FB8: 25.265588 | FC8: 27.899141 | FD8: 22.504748 | FE8: 27.899141 | FF8: 25.227017 | FG8: 24.173984 | FH8: 25.168012 | FI8: 22.145045 | FJ8: 24.173684 | FK8: 23.29808 | FL8: 25.659095 | FM8: 25.54475 | FN8: 25.491875 | FO8: 24.173703 | FP8: 24.173684 | FQ8: 24.173696 | FR8: 25.880285 | FS8: 25.880285 | FT8: 24.881821 | FU8: 24.902434 | FV8: 24.81457 | FW8: 25.438596 | FX8: 23.678798 | FY8: 26.308268 | FZ8: 26.286251 | GA8: 24.191838 | GB8: 25.828636 | GC8: 24.249659 | GD8: 24.105446 | GE8: 24.061038 | GF8: 23.269839 | GG8: 22.40758 | GH8: 21.612803 | GI8: 21.68552 | GJ8: 24.088957 | GK8: 25.675432
B9: 43431.125 | C9: 23.718204 | D9: 23.744562 | E9: 23.73401 | F9: 23.71818 | G9: 24.132232 | H9: 25.664804 | I9: 25.745702 | J9: 25.70267 | K9: 24.696433 | L9: 23.801273 | M9: 25.337793 | N9: 24.813078 | O9: 24.036238 | P9: 25.694612 | Q9: 24.022681 | R9: 23.337387 | S9: 23.365555 | T9: 23.808844 | U9: 24.042258 | V9: 23.775704 | W9: 23.702327 | X9: 26.234743 | Y9: 22.83192 | Z9: 24.677284 | AA9: 24.030968 | AB9: 22.340344 | AC9: 23.575896 | AD9: 23.732089 | AE9: 22.491228 | AF9: 25.817801 | AG9: 23.867973 | AH9: 23.015876 | AI9: 23.101707 | AJ9: 25.558371 | AK9: 22.499437 | AL9: 21.108935 | AM9: 24.696542 | AN9: 24.182663 | AO9: 24.831447 | AP9: 24.115056 | AQ9: 23.240651 | AR9: 24.374417 | AS9: 23.816239 | AT9: 24.017346 | AU9: 23.888872 | AV9: 23.870629 | AW9: 23.898165 | AX9: 23.857462 | AY9: 25.555764 | AZ9: 25.617693 | BA9: 25.555564 | BB9: 25.555629 | BC9: 22.115859 | BD9: 24.075799 | BE9: 24.071107 | BF9: 25.163143 | BG9: 22.50614 | BH9: 22.50614 | BI9: 24.139434 | BJ9: 22.9834 | BK9: 24.358644 | BL9: 24.645534 | BM9: 24.645534 | BN9: 24.654774 | BO9: 25.390299 | BP9: 23.69706 | BQ9: 24.465683 | BR9: 24.209575 | BS9: 24.144284 | BT9: 24.358644 | BU9: 23.870629 | BV9: 23.769917 | BW9: 23.834022 | BX9: 24.272348 | BY9: 24.273825 | BZ9: 23.703799 | CA9: 23.053158 | CB9: 23.775704 | CC9: 23.325859 | CD9: 27.595379 | CE9: 22.585033 | CF9: 23.7444 | CG9: 27.814809 | CH9: 23.09406 | CI9: 23.964043 | CJ9: 23.942198 | CK9: 24.586555 | CL9: 25.72928 | CM9: 25.81733 | CN9: 25.376098 | CO9: 25.191737 | CP9: 25.817372 | CQ9: 24.548385 | CR9: 24.645534 | CS9: 24.112499 | CT9: 25.187432 | CU9: 25.20554 | CV9: 24.017351 | CW9: 24.229837 | CX9: 23.553067 | CY9: 24.224232 | CZ9: 23.898165 | DA9: 23.898165 | DB9: 23.912008 | DC9: 25.624664 | DD9: 25.734827 | DE9: 22.939395 | DF9: 21.532307 | DG9: 21.485834 | DH9: 21.678188 | DI9: 24.481773 | DJ9: 23.661778 | DK9: 23.62243 | DL9: 22.682429 | DM9: 27.169382 | DN9: 25.858891 | DO9: 25.85894 | DP9: 25.324988 | DQ9: 25.376098 | DR9: 23.596032 | DS9: 25.618927 | DT9: 23.870629 | DU9: 23.788764 | DV9: 24.010083 | DW9: 22.67298 | DX9: 22.653447 | DY9: 23.238614 | DZ9: 23.455446 | EA9: 22.457742 | EB9: 22.328853 | EC9: 23.85324 | ED9: 23.733488 | EE9: 23.683594 | EF9: 24.868433 | EG9: 22.424065 | EH9: 25.299946 | EI9: 24.08989 | EJ9: 26.136781 | EK9: 24.017346 | EL9: 24.017346 | EM9: 23.346315 | EN9: 24.402412 | EO9: 24.654774 | EP9: 24.654774 | EQ9: 25.148095 | ER9: 25.14786 | ES9: 23.273124 | ET9: 23.273124 | EU9: 25.211606 | EV9: 24.173686 | EW9: 23.292203 | EX9: 24.358644 | EY9: 24.358644 | EZ9: 25.704474 | FA9: 22.82426 | FB9: 25.191737 | FC9: 27.814416 | FD9: 22.430102 | FE9: 27.814416 | FF9: 25.147308 | FG9: 24.111599 | FH9: 25.086133 | FI9: 22.092951 | FJ9: 24.113019 | FK9: 23.215507 | FL9: 25.577754 | FM9: 25.463746 | FN9: 25.411844 | FO9: 24.113038 | FP9: 24.113019 | FQ9: 24.113031 | FR9: 25.724815 | FS9: 25.724815 | FT9: 24.789663 | FU9: 24.810061 | FV9: 24.722754 | FW9: 25.346286 | FX9: 23.629624 | FY9: 26.223212 | FZ9: 26.205935 | GA9: 24.137407 | GB9: 25.804509 | GC9: 24.188726 | GD9: 24.06129 | GE9: 24.025127 | GF9: 23.226589 | GG9: 22.349531 | GH9: 21.554399 | GI9: 21.628204 | GJ9: 24.031701 | GK9: 25.582
B10: 43431.146 | C10: 23.72866 | D10: 23.755702 | E10: 23.744876 | F10: 23.728637 | G10: 24.131862 | H10: 25.716046 | I10: 25.796008 | J10: 25.753 | K10: 24.683197 | L10: 23.813438 | M10: 25.412534 | N10: 24.876037 | O10: 24.05267 | P10: 25.740262 | Q10: 24.179047 | R10: 23.342345 | S10: 23.370517 | T10: 23.824568 | U10: 24.045251 | V10: 23.771967 | W10: 23.700739 | X10: 26.310453 | Y10: 22.856357 | Z10: 24.661243 | AA10: 24.034885 | AB10: 22.335541 | AC10: 23.595709 | AD10: 23.75151 | AE10: 22.482898 | AF10: 25.859569 | AG10: 23.884409 | AH10: 23.044992 | AI10: 23.131209 | AJ10: 25.634111 | AK10: 22.492859 | AL10: 21.106712 | AM10: 24.764089 | AN10: 24.246585 | AO10: 24.918554 | AP10: 24.119432 | AQ10: 23.247527 | AR10: 24.399901 | AS10: 23.820306 | AT10: 24.018279 | AU10: 23.892917 | AV10: 23.878462 | AW10: 23.9022 | AX10: 23.86155 | AY10: 25.626678 | AZ10: 25.688768 | BA10: 25.626479 | BB10: 25.626544 | BC10: 22.072633 | BD10: 24.085766 | BE10: 24.081067 | BF10: 25.289024 | BG10: 22.497176 | BH10: 22.497176 | BI10: 24.31923 | BJ10: 22.993998 | BK10: 24.384234 | BL10: 24.624371 | BM10: 24.624371 | BN10: 24.691711 | BO10: 25.445786 | BP10: 23.716453 | BQ10: 24.44295 | BR10: 24.362571 | BS10: 24.297215 | BT10: 24.384234 | BU10: 23.878462 | BV10: 23.777311 | BW10: 23.855807 | BX10: 24.298508 | BY10: 24.300559 | BZ10: 23.707863 | CA10: 23.063563 | CB10: 23.771967 | CC10: 23.34027 | CD10: 27.586521 | CE10: 22.573935 | CF10: 23.753123 | CG10: 27.895079 | CH10: 23.113142 | CI10: 23.962198 | CJ10: 23.93632 | CK10: 24.572477 | CL10: 25.775353 | CM10: 25.859997 | CN10: 25.435429 | CO10: 25.253509 | CP10: 25.86004 | CQ10: 24.527388 | CR10: 24.624371 | CS10: 24.115412 | CT10: 25.248042 | CU10: 25.266144 | CV10: 24.018284 | CW10: 24.244684 | CX10: 23.565605 | CY10: 24.238593 | CZ10: 23.9022 | DA10: 23.9022 | DB10: 23.914208 | DC10: 25.682152 | DD10: 25.79235 | DE10: 23.110319 | DF10: 21.526338 | DG10: 21.479134 | DH10: 21.678585 | DI10: 24.522722 | DJ10: 23.654047 | DK10: 23.61437 | DL10: 22.727639 | DM10: 27.247789 | DN10: 25.928239 | DO10: 25.928287 | DP10: 25.385062 | DQ10: 25.435429 | DR10: 23.591653 | DS10: 25.671033 | DT10: 23.878462 | DU10: 23.796164 | DV10: 24.019545 | DW10: 22.666266 | DX10: 22.646595 | DY10: 23.235868 | DZ10: 23.447917 | EA10: 22.44398 | EB10: 22.321727 | EC10: 23.858275 | ED10: 23.738216 | EE10: 23.688194 | EF10: 24.879657 | EG10: 22.413256 | EH10: 25.35597 | EI10: 24.09103 | EJ10: 26.207157 | EK10: 24.018279 | EL10: 24.018279 | EM10: 23.343767 | EN10: 24.44482 | EO10: 24.691711 | EP10: 24.691711 | EQ10: 25.211312 | ER10: 25.210981 | ES10: 23.311911 | ET10: 23.311911 | EU10: 25.27109 | EV10: 24.324555 | EW10: 23.302747 | EX10: 24.384234 | EY10: 24.384234 | EZ10: 25.780502 | FA10: 22.848696 | FB10: 25.253509 | FC10: 27.894684 | FD10: 22.481471 | FE10: 27.894684 | FF10: 25.210203 | FG10: 24.112197 | FH10: 25.122568 | FI10: 22.086665 | FJ10: 24.116703 | FK10: 23.388123 | FL10: 25.649719 | FM10: 25.53968 | FN10: 25.486941 | FO10: 24.116722 | FP10: 24.116703 | FQ10: 24.116715 | FR10: 25.852883 | FS10: 25.852883 | FT10: 24.847959 | FU10: 24.868601 | FV10: 24.78117 | FW10: 25.396227 | FX10: 23.637658 | FY10: 26.316825 | FZ10: 26.295769 | GA10: 24.169925 | GB10: 25.853142 | GC10: 24.201045 | GD10: 24.065574 | GE10: 24.029573 | GF10: 23.227014 | GG10: 22.315817 | GH10: 21.551715 | GI10: 21.624899 | GJ10: 24.035351 | GK10: 25.633812
B11: 43431.167 | C11: 23.681579 | D11: 23.708405 | E11: 23.697665 | F11: 23.681555 | G11: 24.094248 | H11: 25.748127 | I11: 25.830276 | J11: 25.786868 | K11: 24.439113 | L11: 23.763608 | M11: 25.47685 | N11: 24.974046 | O11: 24.027587 | P11: 25.771315 | Q11: 24.188207 | R11: 23.307633 | S11: 23.334799 | T11: 23.797529 | U11: 24.020035 | V11: 23.764335 | W11: 23.682422 | X11: 26.311456 | Y11: 22.82172 | Z11: 24.414046 | AA11: 24.005572 | AB11: 22.301237 | AC11: 23.561935 | AD11: 23.719344 | AE11: 22.440874 | AF11: 25.882518 | AG11: 23.858115 | AH11: 23.026222 | AI11: 23.109556 | AJ11: 25.633235 | AK11: 22.459306 | AL11: 21.090256 | AM11: 24.785879 | AN11: 24.279927 | AO11: 24.929603 | AP11: 24.092468 | AQ11: 23.21526 | AR11: 24.361912 | AS11: 23.786313 | AT11: 23.978627 | AU11: 23.858816 | AV11: 23.849399 | AW11: 23.868043 | AX11: 23.827671 | AY11: 25.63667 | AZ11: 25.695083 | BA11: 25.63647 | BB11: 25.636535 | BC11: 22.05204 | BD11: 24.054188 | BE11: 24.04945 | BF11: 25.300494 | BG11: 22.450806 | BH11: 22.450806 | BI11: 24.311912 | BJ11: 22.968953 | BK11: 24.347161 | BL11: 24.367419 | BM11: 24.367419 | BN11: 24.636244 | BO11: 25.461829 | BP11: 23.684334 | BQ11: 24.277115 | BR11: 24.373853 | BS11: 24.307487 | BT11: 24.347161 | BU11: 23.849399 | BV11: 23.748825 | BW11: 23.831182 | BX11: 24.266458 | BY11: 24.268793 | BZ11: 23.6732 | CA11: 23.038013 | CB11: 23.764335 | CC11: 23.245668 | CD11: 27.496635 | CE11: 22.548702 | CF11: 23.72216 | CG11: 27.896142 | CH11: 23.07829 | CI11: 23.951511 | CJ11: 23.937217 | CK11: 24.357658 | CL11: 25.796395 | CM11: 25.882469 | CN11: 25.446733 | CO11: 25.255041 | CP11: 25.882511 | CQ11: 24.270324 | CR11: 24.367419 | CS11: 24.085734 | CT11: 25.32228 | CU11: 25.340365 | CV11: 23.978632 | CW11: 24.211342 | CX11: 23.538885 | CY11: 24.205421 | CZ11: 23.868043 | DA11: 23.868043 | DB11: 23.880854 | DC11: 25.699877 | DD11: 25.811603 | DE11: 23.111837 | DF11: 21.493626 | DG11: 21.447235 | DH11: 21.639413 | DI11: 24.47298 | DJ11: 23.652716 | DK11: 23.613975 | DL11: 22.833714 | DM11: 27.248828 | DN11: 25.951331 | DO11: 25.95138 | DP11: 25.393101 | DQ11: 25.446733 | DR11: 23.567771 | DS11: 25.569156 | DT11: 23.849399 | DU11: 23.767335 | DV11: 23.992903 | DW11: 22.63278 | DX11: 22.615138 | DY11: 23.207476 | DZ11: 23.371516 | EA11: 22.41968 | EB11: 22.291786 | EC11: 23.805195 | ED11: 23.695606 | EE11: 23.649949 | EF11: 24.852095 | EG11: 22.387917 | EH11: 25.263744 | EI11: 24.058238 | EJ11: 26.091764 | EK11: 23.978627 | EL11: 23.978627 | EM11: 23.314859 | EN11: 24.415306 | EO11: 24.636244 | EP11: 24.636244 | EQ11: 25.208364 | ER11: 25.207885 | ES11: 23.084322 | ET11: 23.084322 | EU11: 25.337643 | EV11: 24.33483 | EW11: 23.276323 | EX11: 24.347161 | EY11: 24.347161 | EZ11: 25.789449 | FA11: 22.814093 | FB11: 25.255041 | FC11: 27.895748 | FD11: 22.705388 | FE11: 27.895748 | FF11: 25.206759 | FG11: 24.077241 | FH11: 25.05189 | FI11: 22.056282 | FJ11: 24.088771 | FK11: 23.390163 | FL11: 25.652525 | FM11: 25.537018 | FN11: 25.485914 | FO11: 24.08879 | FP11: 24.088771 | FQ11: 24.088783 | FR11: 25.764914 | FS11: 25.764914 | FT11: 24.756641 | FU11: 24.777654 | FV11: 24.689751 | FW11: 25.290289 | FX11: 23.590363 | FY11: 26.32246 | FZ11: 26.296192 | GA11: 24.109287 | GB11: 25.889325 | GC11: 24.168858 | GD11: 24.039604 | GE11: 24.004757 | GF11: 23.185044 | GG11: 22.293346 | GH11: 21.518928 | GI11: 21.592563 | GJ11: 24.006329 | GK11: 25.531385
B12: 43431.188 | C12: 23.727387 | D12: 23.754719 | E12: 23.743777 | F12: 23.727363 | G12: 24.159026 | H12: 25.834511 | I12: 25.902387 | J12: 25.862344 | K12: 24.470939 | L12: 23.816474 | M12: 25.517792 | N12: 24.985831 | O12: 24.093567 | P12: 25.836318 | Q12: 24.280405 | R12: 23.321711 | S12: 23.351212 | T12: 23.860282 | U12: 24.080035 | V12: 23.818465 | W12: 23.736337 | X12: 26.413035 | Y12: 22.845717 | Z12: 24.452171 | AA12: 24.067938 | AB12: 22.339287 | AC12: 23.635148 | AD12: 23.791427 | AE12: 22.50135 | AF12: 25.940383 | AG12: 23.921572 | AH12: 23.051565 | AI12: 23.137236 | AJ12: 25.706765 | AK12: 22.505651 | AL12: 21.098451 | AM12: 24.863006 | AN12: 24.354384 | AO12: 25.008705 | AP12: 24.153086 | AQ12: 23.283872 | AR12: 24.442899 | AS12: 23.849114 | AT12: 24.042213 | AU12: 23.921766 | AV12: 23.911057 | AW12: 23.931033 | AX12: 23.890467 | AY12: 25.717231 | AZ12: 25.774232 | BA12: 25.717031 | BB12: 25.717096 | BC12: 22.096837 | BD12: 24.119589 | BE12: 24.114967 | BF12: 25.400483 | BG12: 22.517664 | BH12: 22.517664 | BI12: 24.380522 | BJ12: 23.013777 | BK12: 24.42724 | BL12: 24.411956 | BM12: 24.411956 | BN12: 24.699601 | BO12: 25.516723 | BP12: 23.756311 | BQ12: 24.329901 | BR12: 24.470822 | BS12: 24.402094 | BT12: 24.42724 | BU12: 23.911057 | BV12: 23.810849 | BW12: 23.929051 | BX12: 24.341561 | BY12: 24.343742 | BZ12: 23.735294 | CA12: 23.084309 | CB12: 23.818465 | CC12: 23.273904 | CD12: 27.546954 | CE12: 22.584053 | CF12: 23.776959 | CG12: 28.003839 | CH12: 23.115571 | CI12: 24.009607 | CJ12: 23.993832 | CK12: 24.405523 | CL12: 25.855697 | CM12: 25.940457 | CN12: 25.507759 | CO12: 25.316954 | CP12: 25.9405 | CQ12: 24.31285 | CR12: 24.411956 | CS12: 24.148038 | CT12: 25.351243 | CU12: 25.369373 | CV12: 24.042218 | CW12: 24.282035 | CX12: 23.593668 | CY12: 24.275877 | CZ12: 23.931033 | DA12: 23.931033 | DB12: 23.943304 | DC12: 25.758487 | DD12: 25.867481 | DE12: 23.191347 | DF12: 21.538137 | DG12: 21.49165 | DH12: 21.670636 | DI12: 24.532228 | DJ12: 23.705406 | DK12: 23.665586 | DL12: 22.854668 | DM12: 27.354026 | DN12: 26.014642 | DO12: 26.014691 | DP12: 25.454457 | DQ12: 25.507759 | DR12: 23.701019 | DS12: 25.725479 | DT12: 23.911057 | DU12: 23.828745 | DV12: 24.05345 | DW12: 22.679289 | DX12: 22.657511 | DY12: 23.252471 | DZ12: 23.414286 | EA12: 22.449191 | EB12: 22.323085 | EC12: 23.862003 | ED12: 23.752488 | EE12: 23.706863 | EF12: 24.902037 | EG12: 22.422815 | EH12: 25.396739 | EI12: 24.124781 | EJ12: 26.21951 | EK12: 24.042213 | EL12: 24.042213 | EM12: 23.35992 | EN12: 24.471998 | EO12: 24.699601 | EP12: 24.699601 | EQ12: 25.270247 | ER12: 25.269805 | ES12: 23.430743 | ET12: 23.430743 | EU12: 25.369697 | EV12: 24.42944 | EW12: 23.322996 | EX12: 24.42724 | EY12: 24.42724 | EZ12: 25.866352 | FA12: 22.838135 | FB12: 25.316954 | FC12: 28.003443 | FD12: 22.606861 | FE12: 28.003443 | FF12: 25.268765 | FG12: 24.140647 | FH12: 25.149518 | FI12: 22.093291 | FJ12: 24.150709 | FK12: 23.46643 | FL12: 25.73083 | FM12: 25.60896 | FN12: 25.555795 | FO12: 24.150728 | FP12: 24.150709 | FQ12: 24.150721 | FR12: 25.800898 | FS12: 25.800898 | FT12: 24.886439 | FU12: 24.907304 | FV12: 24.819277 | FW12: 25.43879 | FX12: 23.634635 | FY12: 26.407649 | FZ12: 26.381018 | GA12: 24.178799 | GB12: 25.951318 | GC12: 24.238385 | GD12: 24.097926 | GE12: 24.060851 | GF12: 23.218497 | GG12: 22.339392 | GH12: 21.565992 | GI12: 21.637975 | GJ12: 24.068168 | GK12: 25.686646
B13: 43431.208 | C13: 23.797262 | D13: 23.825478 | E13: 23.814182 | F13: 23.797238 | G13: 24.21251 | H13: 25.834426 | I13: 25.90777 | J13: 25.864376 | K13: 24.789377 | L13: 23.889145 | M13: 25.491419 | N13: 24.967573 | O13: 24.161589 | P13: 25.840131 | Q13: 24.304851 | R13: 23.385905 | S13: 23.414526 | T13: 23.918643 | U13: 24.108833 | V13: 23.859015 | W13: 23.777418 | X13: 26.390356 | Y13: 22.917243 | Z13: 24.776927 | AA13: 24.099111 | AB13: 22.386856 | AC13: 23.696312 | AD13: 23.854466 | AE13: 22.528793 | AF13: 25.958986 | AG13: 23.979271 | AH13: 23.08573 | AI13: 23.177857 | AJ13: 25.718106 | AK13: 22.538445 | AL13: 21.131356 | AM13: 24.902292 | AN13: 24.399974 | AO13: 25.068905 | AP13: 24.174264 | AQ13: 23.312998 | AR13: 24.522767 | AS13: 23.895873 | AT13: 24.097799 | AU13: 23.968632 | AV13: 23.949134 | AW13: 23.977893 | AX13: 23.937366 | AY13: 25.750832 | AZ13: 25.795171 | BA13: 25.750631 | BB13: 25.750696 | BC13: 22.154474 | BD13: 24.166441 | BE13: 24.161784 | BF13: 25.398877 | BG13: 22.541401 | BH13: 22.541401 | BI13: 24.400034 | BJ13: 23.04992 | BK13: 24.506434 | BL13: 24.750668 | BM13: 24.750668 | BN13: 24.799427 | BO13: 25.533274 | BP13: 23.819257 | BQ13: 24.56133 | BR13: 24.494962 | BS13: 24.425115 | BT13: 24.506434 | BU13: 23.949134 | BV13: 23.848108 | BW13: 24.013948 | BX13: 24.417044 | BY13: 24.41953 | BZ13: 23.770403 | CA13: 23.121294 | CB13: 23.859015 | CC13: 23.419324 | CD13: 27.502434 | CE13: 22.634746 | CF13: 23.818997 | CG13: 27.979794 | CH13: 23.181646 | CI13: 24.026712 | CJ13: 23.999734 | CK13: 24.702818 | CL13: 25.872946 | CM13: 25.959205 | CN13: 25.524093 | CO13: 25.33755 | CP13: 25.959247 | CQ13: 24.651264 | CR13: 24.750668 | CS13: 24.184029 | CT13: 25.34577 | CU13: 25.364894 | CV13: 24.097804 | CW13: 24.338541 | CX13: 23.646215 | CY13: 24.331805 | CZ13: 23.977893 | DA13: 23.977893 | DB13: 23.97524 | DC13: 25.786362 | DD13: 25.903212 | DE13: 23.205116 | DF13: 21.571214 | DG13: 21.52466 | DH13: 21.720325 | DI13: 24.600301 | DJ13: 23.752531 | DK13: 23.720761 | DL13: 22.811152 | DM13: 27.330539 | DN13: 26.027238 | DO13: 26.027287 | DP13: 25.472207 | DQ13: 25.524093 | DR13: 23.757377 | DS13: 25.912014 | DT13: 23.949134 | DU13: 23.866483 | DV13: 24.066135 | DW13: 22.711767 | DX13: 22.695557 | DY13: 23.305035 | DZ13: 23.376445 | EA13: 22.48202 | EB13: 22.365188 | EC13: 23.91002 | ED13: 23.795843 | EE13: 23.748274 | EF13: 24.941934 | EG13: 22.473672 | EH13: 25.565702 | EI13: 24.164851 | EJ13: 26.392964 | EK13: 24.097799 | EL13: 24.097799 | EM13: 23.414886 | EN13: 24.51715 | EO13: 24.799427 | EP13: 24.799427 | EQ13: 25.294766 | ER13: 25.294275 | ES13: 23.396397 | ET13: 23.396397 | EU13: 25.365849 | EV13: 24.451087 | EW13: 23.368365 | EX13: 24.506434 | EY13: 24.506434 | EZ13: 25.8758 | FA13: 22.909611 | FB13: 25.33755 | FC13: 27.979399 | FD13: 22.563094 | FE13: 27.979399 | FF13: 25.293121 | FG13: 24.191804 | FH13: 25.213855 | FI13: 22.134547 | FJ13: 24.18167 | FK13: 23.480925 | FL13: 25.744577 | FM13: 25.620516 | FN13: 25.56663 | FO13: 24.18169 | FP13: 24.18167 | FQ13: 24.181683 | FR13: 26.079813 | FS13: 26.079813 | FT13: 25.056214 | FU13: 25.077401 | FV13: 24.988968 | FW13: 25.616902 | FX13: 23.701395 | FY13: 26.374962 | FZ13: 26.342985 | GA13: 24.26599 | GB13: 25.957281 | GC13: 24.292049 | GD13: 24.107674 | GE13: 24.061094 | GF13: 23.271735 | GG13: 22.397131 | GH13: 21.599984 | GI13: 21.673093 | GJ13: 24.09574 | GK13: 25.872039
B14: 43431.229 | C14: 23.826964 | D14: 23.856836 | E14: 23.844878 | F14: 23.82694 | G14: 24.184556 | H14: 25.625788 | I14: 25.708104 | J14: 25.661449 | K14: 24.47037 | L14: 23.917425 | M14: 25.21441 | N14: 24.714998 | O14: 24.233621 | P14: 25.658755 | Q14: 24.083057 | R14: 23.400298 | S14: 23.429115 | T14: 23.988087 | U14: 24.088314 | V14: 23.858507 | W14: 23.756649 | X14: 26.100253 | Y14: 22.799439 | Z14: 24.448733 | AA14: 24.085599 | AB14: 22.358288 | AC14: 23.788139 | AD14: 23.944223 | AE14: 22.494919 | AF14: 25.75832 | AG14: 24.050011 | AH14: 22.98516 | AI14: 23.070822 | AJ14: 25.494459 | AK14: 22.497566 | AL14: 21.099328 | AM14: 24.668329 | AN14: 24.167443 | AO14: 24.811311 | AP14: 24.165588 | AQ14: 23.323641 | AR14: 24.635876 | AS14: 23.860226 | AT14: 24.062163 | AU14: 23.932853 | AV14: 23.909615 | AW14: 23.942069 | AX14: 23.901762 | AY14: 25.514713 | AZ14: 25.560645 | BA14: 25.514513 | BB14: 25.514578 | BC14: 22.118193 | BD14: 24.199761 | BE14: 24.191332 | BF14: 25.12748 | BG14: 22.511938 | BH14: 22.511938 | BI14: 24.214907 | BJ14: 23.074958 | BK14: 24.617544 | BL14: 24.405575 | BM14: 24.405575 | BN14: 24.892568 | BO14: 25.348055 | BP14: 23.908881 | BQ14: 24.322431 | BR14: 24.264277 | BS14: 24.195774 | BT14: 24.617544 | BU14: 23.909615 | BV14: 23.809274 | BW14: 24.150401 | BX14: 24.517174 | BY14: 24.521439 | BZ14: 23.77586 | CA14: 23.148203 | CB14: 23.858507 | CC14: 23.238201 | CD14: 27.416401 | CE14: 22.642568 | CF14: 23.781245 | CG14: 27.672219 | CH14: 23.089567 | CI14: 23.958524 | CJ14: 23.926063 | CK14: 24.387172 | CL14: 25.670572 | CM14: 25.757619 | CN14: 25.329022 | CO14: 25.14442 | CP14: 25.757662 | CQ14: 24.305356 | CR14: 24.405575 | CS14: 24.16633 | CT14: 25.107633 | CU14: 25.124768 | CV14: 24.062168 | CW14: 24.392139 | CX14: 23.707941 | CY14: 24.384123 | CZ14: 23.942069 | DA14: 23.942069 | DB14: 23.973792 | DC14: 25.59983 | DD14: 25.721844 | DE14: 23.024115 | DF14: 21.531012 | DG14: 21.483798 | DH14: 21.727261 | DI14: 24.446827 | DJ14: 23.767901 | DK14: 23.737303 | DL14: 22.567461 | DM14: 27.030101 | DN14: 25.786251 | DO14: 25.7863 | DP14: 25.278078 | DQ14: 25.329022 | DR14: 23.783469 | DS14: 26.252895 | DT14: 23.909615 | DU14: 23.827554 | DV14: 24.066918 | DW14: 22.669963 | DX14: 22.658085 | DY14: 23.249488 | DZ14: 23.303319 | EA14: 22.460308 | EB14: 22.340789 | EC14: 23.92799 | ED14: 23.808463 | EE14: 23.758663 | EF14: 24.970962 | EG14: 22.479345 | EH14: 25.86008 | EI14: 24.146795 | EJ14: 26.708852 | EK14: 24.062163 | EL14: 24.062163 | EM14: 23.358323 | EN14: 24.374856 | EO14: 24.892568 | EP14: 24.892568 | EQ14: 25.114056 | ER14: 25.113576 | ES14: 23.14337 | ET14: 23.14337 | EU14: 25.138844 | EV14: 24.218308 | EW14: 23.421136 | EX14: 24.617544 | EY14: 24.617544 | EZ14: 25.637902 | FA14: 22.791819 | FB14: 25.14442 | FC14: 27.671828 | FD14: 22.322439 | FE14: 27.671828 | FF14: 25.112447 | FG14: 24.166651 | FH14: 25.06221 | FI14: 22.107278 | FJ14: 24.166434 | FK14: 23.294756 | FL14: 25.510243 | FM14: 25.39797 | FN14: 25.34304 | FO14: 24.166453 | FP14: 24.166434 | FQ14: 24.166446 | FR14: 26.54385 | FS14: 26.54385 | FT14: 25.354199 | FU14: 25.375366 | FV14: 25.287362 | FW14: 25.934723 | FX14: 23.723374 | FY14: 26.068712 | FZ14: 26.043843 | GA14: 24.320505 | GB14: 25.764396 | GC14: 24.3408 | GD14: 24.104083 | GE14: 24.061004 | GF14: 23.279167 | GG14: 22.358867 | GH14: 21.580617 | GI14: 21.652362 | GJ14: 24.084845 | GK14: 26.209792
B15: 43431.25 | C15: 23.812149 | D15: 23.842484 | E15: 23.830341 | F15: 23.812126 | G15: 24.214928 | H15: 25.675498 | I15: 25.756437 | J15: 25.710108 | K15: 24.774768 | L15: 23.89983 | M15: 25.265556 | N15: 24.737433 | O15: 24.249734 | P15: 25.706626 | Q15: 24.191267 | R15: 23.317609 | S15: 23.349366 | T15: 24.000447 | U15: 24.10173 | V15: 23.871309 | W15: 23.777296 | X15: 26.168533 | Y15: 22.883154 | Z15: 24.734507 | AA15: 24.093031 | AB15: 22.357184 | AC15: 23.81472 | AD15: 23.971614 | AE15: 22.492706 | AF15: 25.800322 | AG15: 24.061887 | AH15: 23.063807 | AI15: 23.148565 | AJ15: 25.555199 | AK15: 22.496096 | AL15: 21.081026 | AM15: 24.735919 | AN15: 24.209852 | AO15: 24.834961 | AP15: 24.173163 | AQ15: 23.312126 | AR15: 24.698238 | AS15: 23.886961 | AT15: 24.094645 | AU15: 23.959582 | AV15: 23.932062 | AW15: 23.968858 | AX15: 23.928244 | AY15: 25.605886 | AZ15: 25.643229 | BA15: 25.605686 | BB15: 25.605751 | BC15: 22.160799 | BD15: 24.209627 | BE15: 24.203788 | BF15: 25.231637 | BG15: 22.511085 | BH15: 22.511085 | BI15: 24.279675 | BJ15: 23.055017 | BK15: 24.676933 | BL15: 24.676871 | BM15: 24.676871 | BN15: 24.895128 | BO15: 25.383173 | BP15: 23.936232 | BQ15: 24.491844 | BR15: 24.394096 | BS15: 24.314247 | BT15: 24.676933 | BU15: 23.932062 | BV15: 23.831118 | BW15: 24.198238 | BX15: 24.560235 | BY15: 24.564445 | BZ15: 23.766619 | CA15: 23.130839 | CB15: 23.871309 | CC15: 23.374857 | CD15: 27.311239 | CE15: 22.618452 | CF15: 23.723459 | CG15: 27.744611 | CH15: 23.132002 | CI15: 23.972061 | CJ15: 23.939129 | CK15: 24.625056 | CL15: 25.712146 | CM15: 25.799573 | CN15: 25.370983 | CO15: 25.196113 | CP15: 25.799615 | CQ15: 24.578115 | CR15: 24.676871 | CS15: 24.185818 | CT15: 25.142493 | CU15: 25.161627 | CV15: 24.09465 | CW15: 24.419892 | CX15: 23.710772 | CY15: 24.4108 | CZ15: 23.968858 | DA15: 23.968858 | DB15: 23.966815 | DC15: 25.641261 | DD15: 25.763073 | DE15: 23.094979 | DF15: 21.532505 | DG15: 21.485293 | DH15: 21.709573 | DI15: 24.507925 | DJ15: 23.782518 | DK15: 23.751956 | DL15: 22.571177 | DM15: 27.100813 | DN15: 25.820269 | DO15: 25.820317 | DP15: 25.31982 | DQ15: 25.370983 | DR15: 23.838016 | DS15: 26.548625 | DT15: 23.932062 | DU15: 23.849772 | DV15: 24.062803 | DW15: 22.668573 | DX15: 22.659917 | DY15: 23.287441 | DZ15: 23.213933 | EA15: 22.439841 | EB15: 22.328894 | EC15: 23.898888 | ED15: 23.792828 | EE15: 23.748643 | EF15: 24.952231 | EG15: 22.454902 | EH15: 26.102934 | EI15: 24.164391 | EJ15: 26.961905 | EK15: 24.094645 | EL15: 24.094645 | EM15: 23.396845 | EN15: 24.430998 | EO15: 24.895128 | EP15: 24.895128 | EQ15: 25.164854 | ER15: 25.164499 | ES15: 23.172653 | ET15: 23.172653 | EU15: 25.168211 | EV15: 24.336093 | EW15: 23.420742 | EX15: 24.676933 | EY15: 24.676933 | EZ15: 25.666121 | FA15: 22.875465 | FB15: 25.196113 | FC15: 27.744219 | FD15: 22.32066 | FE15: 27.744219 | FF15: 25.163664 | FG15: 24.199875 | FH15: 25.112587 | FI15: 22.106734 | FJ15: 24.181363 | FK15: 23.366152 | FL15: 25.582068 | FM15: 25.468729 | FN15: 25.415843 | FO15: 24.181383 | FP15: 24.181363 | FQ15: 24.181376 | FR15: 26.679782 | FS15: 26.679782 | FT15: 25.60529 | FU15: 25.628592 | FV15: 25.538212 | FW15: 26.214123 | FX15: 23.705455 | FY15: 26.140657 | FZ15: 26.116673 | GA15: 24.302333 | GB15: 25.810796 | GC15: 24.363593 | GD15: 24.106279 | GE15: 24.061059 | GF15: 23.260215 | GG15: 22.403546 | GH15: 21.592666 | GI15: 21.662437 | GJ15: 24.089904 | GK15: 26.503308
... B51: 43431.999 | C51: 25.485623 | D51: 25.521726 | E51: 25.507275 | F51: 25.485597 | G51: 25.667702 | H51: 27.396847 | I51: 27.498266 | J51: 27.444525 | K51: 26.178647 | L51: 25.599707 | M51: 27.124338 | N51: 26.590279 | O51: 26.042845 | P51: 27.445834 | Q51: 25.91858 | R51: 24.810871 | S51: 24.848649 | T51: 25.727264 | U51: 25.590787 | V51: 25.352491 | W51: 25.270142 | X51: 27.920906 | Y51: 24.517848 | Z51: 26.160174 | AA51: 25.591494 | AB51: 23.765243 | AC51: 25.540526 | AD51: 25.705806 | AE51: 23.865346 | AF51: 27.566817 | AG51: 25.79118 | AH51: 24.809621 | AI51: 24.863687 | AJ51: 27.251184 | AK51: 24.009822 | AL51: 22.398951 | AM51: 26.218431 | AN51: 25.622047 | AO51: 26.314023 | AP51: 25.66825 | AQ51: 24.920343 | AR51: 26.436148 | AS51: 25.249679 | AT51: 25.497773 | AU51: 25.326878 | AV51: 25.371711 | AW51: 25.344891 | AX51: 25.259712 | AY51: 27.178451 | AZ51: 27.193341 | BA51: 27.178238 | BB51: 27.178307 | BC51: 23.632306 | BD51: 25.837092 | BE51: 25.807083 | BF51: 27.041891 | BG51: 23.856297 | BH51: 23.856297 | BI51: 25.981645 | BJ51: 24.513492 | BK51: 26.406921 | BL51: 26.092992 | BM51: 26.092992 | BN51: 26.781367 | BO51: 27.107666 | BP51: 26.153318 | BQ51: 25.934463 | BR51: 26.142209 | BS51: 26.056612 | BT51: 26.406921 | BU51: 25.371711 | BV51: 25.26503 | BW51: 25.883937 | BX51: 26.24653 | BY51: 26.251971 | BZ51: 25.349226 | CA51: 24.596582 | CB51: 25.352491 | CC51: 24.974825 | CD51: 27.198908 | CE51: 24.152119 | CF51: 25.242733 | CG51: 29.647954 | CH51: 24.732864 | CI51: 25.420337 | CJ51: 25.388191 | CK51: 26.071671 | CL51: 27.477142 | CM51: 27.566437 | CN51: 27.094559 | CO51: 26.890359 | CP51: 27.566482 | CQ51: 25.994013 | CR51: 26.092992 | CS51: 25.674449 | CT51: 26.974452 | CU51: 26.996212 | CV51: 25.497778 | CW51: 26.058899 | CX51: 25.425469 | CY51: 26.046508 | CZ51: 25.344891 | DA51: 25.344891 | DB51: 25.519969 | DC51: 27.393029 | DD51: 27.529042 | DE51: 24.731869 | DF51: 23.998977 | DG51: 23.955886 | DH51: 23.225419 | DI51: 26.061307 | DJ51: 25.266191 | DK51: 25.241095 | DL51: 24.436401 | DM51: 29.864424 | DN51: 27.528164 | DO51: 27.528216 | DP51: 27.03708 | DQ51: 27.094559 | DR51: 25.325603 | DS51: 28.505575 | DT51: 25.371711 | DU51: 25.284304 | DV51: 25.592693 | DW51: 24.113676 | DX51: 24.111364 | DY51: 24.803672 | DZ51: 24.999226 | EA51: 23.895698 | EB51: 23.761389 | EC51: 25.502034 | ED51: 25.389545 | EE51: 25.342682 | EF51: 26.47399 | EG51: 23.973919 | EH51: 28.051455 | EI51: 25.631517 | EJ51: 28.783171 | EK51: 25.378528 | EL51: 25.378528 | EM51: 24.915087 | EN51: 25.999124 | EO51: 26.781367 | EP51: 26.781367 | EQ51: 26.844252 | ER51: 26.844089 | ES51: 25.160862 | ET51: 25.160862 | EU51: 26.991122 | EV51: 26.083471 | EW51: 25.140683 | EX51: 26.406921 | EY51: 26.406921 | EZ51: 27.403475 | FA51: 24.509679 | FB51: 26.890359 | FC51: 29.605765 | FD51: 24.132192 | FE51: 29.605765 | FF51: 26.843707 | FG51: 25.667818 | FH51: 26.715147 | FI51: 23.48043 | FJ51: 25.676919 | FK51: 25.02301 | FL51: 27.110275 | FM51: 27.155103 | FN51: 27.114051 | FO51: 25.67694 | FP51: 25.676919 | FQ51: 25.676932 | FR51: 28.617417 | FS51: 28.617417 | FT51: 27.52886 | FU51: 27.554818 | FV51: 27.457622 | FW51: 28.184465 | FX51: 25.361003 | FY51: 28.022934 | FZ51: 28.00225 | GA51: 26.1291 | GB51: 27.566531 | GC51: 25.993314 | GD51: 25.594913 | GE51: 25.540574 | GF51: 24.823931 | GG51: 23.889055 | GH51: 22.796465 | GI51: 22.885171 | GJ51: 25.589266 | GK51: 28.462076
B53: Nota:

Sheet Cmg_Ener
B3: S/./MWh | C3: AGUAYTIA 13.8 | D3: AGUAYTIA 138 | E3: AGUAYTIA 22.9 | F3: AGUAYTIA 220 | G3: ALTO PRADERAS 220kV | H3: ARICOTA1 66 | I3: ARICOTA2 138 | J3: ARICOTA66 | K3: ASIA 220 | L3: AUCAYACU 138 | M3: AYAVIRI 138 | N3: AZANGARO 138 | O3: BELAUNDE 138 | P3: BOTIFLACA 138 | Q3: CACHIMAYO 138 | R3: CAHUA 10 | S3: CAHUA138 | T3: CAJAMARCA 220 | U3: CAJAMARQUILLA 220 | V3: CALLAHUANCA 60 | W3: CALLAHUANCA EDEGEL 220 | X3: CALLALLI 138 | Y3: CAMPO ARMIÑO 220 | Z3: CANTERA 220 | AA3: CARABAYLLO 220 | AB3: CARHUAMAYO 138 | AC3: CARHUAQUE10 | AD3: CARHUAQUERO 220 | AE3: CARIPA138 | AF3: CATKATO4.16 | AG3: CCORONA220 | AH3: CERRO DEL AGUILA 13.8 | AI3: CERRO DEL AGUILA 220 | AJ3: CERRO VERDE 138 | AK3: CH OROYA 50 | AL3: CHAGLLA 220 | AM3: CHARCANI I 33 | AN3: CHARCANI IV 33 | AO3: CHARCANI VI 33 | AP3: CHAVARRIA 220 | AQ3: CHEVES 220 | AR3: CHICLAYO 220 | AS3: CHILCA DOS 13.8 | AT3: CHILCA REP 220 | AU3: CHILCA UNO 220 | AV3: CHILCA500 | AW3: CHILCACTM220 | AX3: CHILCAI16 | AY3: CHILID10.5 | AZ3: CHILINA 138 | BA3: CHILINA 33 | BB3: CHILITG13.8 | BC3: CHIMAY220 | BD3: CHIMBOTE1 138 | BE3: CHIMBOTE1 220 | BF3: COMBAPATA 138 | BG3: CONDORCOCHA 138 | BH3: CONDORCOCHA 44 | BI3: COTARUSE 220 | BJ3: CPATO13.8 | BK3: CT ETEN 220 | BL3: CT INDEPENDENCIA 60 | BM3: CT PISCO 60 | BN3: CT PLANTA PUCALLPA 60 | BO3: CTILO217 | BP3: CUTERVO 138 | BQ3: DESIERTO 220 | BR3: DOLORESPATA 10.5 | BS3: DOLORESPATA 138 | BT3: ETEN 18 | BU3: FENIX 500 | BV3: FENIX18 | BW3: GALLITO CIEGO 60 | BX3: GUADALUPE 220 | BY3: GUADALUPE 60 | BZ3: HUACHO 220 | CA3: HUALLANCA 138 | CB3: HUAMPANI 60 | CC3: HUANCAVELICA 220 | CD3: HUANCHOR50 | CE3: HUANUCO 138 | CF3: HUANZA 220 | CG3: HUAYLLACHO 15 | CH3: HUAYUCACHI 220 | CI3: HUINCO 220 | CJ3: HUINCO12.5 | CK3: ICA 220 | CL3: ILO ELP 138 | CM3: ILO1 138 | CN3: ILO2 220 | CO3: ILO4-18 | CP3: ILOTG1 | CQ3: INDEPENDENCIA 220 | CR3: INDEPENDENCIA 60 | CS3: INDUSTRIALES 220 | CT3: JULIACA 138 | CU3: JULIACA10 | CV3: KALLPA16.5 | CW3: LA NIÑA 220 | CX3: LA RAMADA 220 | CY3: LANIÑA500 | CZ3: LAS FLORES 220 | DA3: LFLORES16.5 | DB3: LOMERA 220 | DC3: LOS HEROES 220 | DD3: LOS HEROES 66 | DE3: MACHUPICCHU 138 | DF3: MALPASO 50 | DG3: MALPASO6.9 | DH3: MARAÑON 60 | DI3: MARCONA 220 | DJ3: MATUCANA 220 | DK3: MATUCANA 12.5 | DL3: MAZUCO138 | DM3: MISAPUQUIO 33 | DN3: MOLLENDO 138 | DO3: MOLLENDO13.8 | DP3: MONTALVO220 | DQ3: MOQUEGUA 138 | DR3: MOYOPAMPA 60 | DS3: NCTUMBES60 | DT3: OLLEROS 500 | DU3: OLLEROS16.5 | DV3: OQUENDO60 | DW3: OROYA NUEVA 50 | DX3: OROYA220 | DY3: PACHACHACA 220 | DZ3: PACHACHACA50 | EA3: PARAGSHA2 138 | EB3: PARAGSHA2 220 | EC3: PARAMONGA EXISTENTE 138 | ED3: PARAMONGA NUEVA 138 | EE3: PARAMONGA NUEVA 220 | EF3: PARIAC 66 | EG3: PIEDRA BLANCA 34.5 kV | EH3: PIURA OESTE 220 | EI3: PLANICIE220 | EJ3: PLANTAETANOL 60 | EK3: PLATANAL13.8 | EL3: PLATANAL220 | EM3: POMACOCHA 220 | EN3: POROMA 220 | EO3: PUCALLPA 0.5 | EP3: PUCALLPA 60 | EQ3: PUERTO BRAVO 18 | ER3: PUERTO BRAVO 500 | ES3: PUERTO MALDONADO 0.5 | ET3: PUERTO MALDONADO 10 | EU3: PUNO 138 | EV3: QUENCORO 138 | EW3: QUITARACSA 220 | EX3: RECKA 220 | EY3: RECKA18 | EZ3: REPARTICIÓN 138 | FA3: RESTITUCIÓN 220 | FB3: S.E. ILO4 500 | FC3: SAN ANTONIO 15 | FD3: SAN GABAN 138 | FE3: SAN IGNACIO 15 | FF3: SAN JOSÉ 500 kV | FG3: SAN JUAN 220 | FH3: SAN NICOLAS 13.8 | FI3: SANTA ISABEL 220 | FJ3: SANTA ROSA 220 | FK3: SANTA TERESA 220 | FL3: SANTUARIO 138 | FM3: SOCABAYA 138 | FN3: SOCABAYA 220 | FO3: SROSATG7 | FP3: SROSATG8 | FQ3: SROSAUTI | FR3: TABLAZO 13.8 | FS3: TABLAZO 60 | FT3: TALARA 220 | FU3: TALARA13.2 | FV3: TALARA13.8 | FW3: TG5_16.5 | FX3: TINGO MARIA 138 | FY3: TINTAYA EXISTENTE 138 | FZ3: TINTAYA NUEVA 220 | GA3: TOCACHE 138 | GB3: TOQUEPALA 138 | GC3: TRUJILLO 220 | GD3: VENTANILLA 220 | GE3: VENTANILLA16 | GF3: VIZCARRA 220 | GG3: YANANGO220 | GH3: YAUPI13.8 | GI3: YAUPI138 | GJ3: ZAPALLAL 220 | GK3: ZORRITOS 220
B4: 43431.021 | C4: 23.861898 | D4: 23.89229 | E4: 23.880124 | F4: 23.861874 | G4: 24.246491 | H4: 25.796297 | I4: 25.89315 | J4: 25.844628 | K4: 24.554994 | L4: 23.950037 | M4: 25.589656 | N4: 25.062045 | O4: 24.213224 | P4: 25.864525 | Q4: 24.332817 | R4: 23.387597 | S4: 23.418455 | T4: 23.95427 | U4: 24.138377 | V4: 23.865533 | W4: 23.794142 | X4: 26.465406 | Y4: 22.904412 | Z4: 24.523938 | AA4: 24.134263 | AB4: 22.41349 | AC4: 23.756692 | AD4: 23.91471 | AE4: 22.542232 | AF4: 25.992736 | AG4: 24.012194 | AH4: 23.140634 | AI4: 23.218515 | AJ4: 25.754283 | AK4: 22.562555 | AL4: 21.119863 | AM4: 24.825033 | AN4: 24.223851 | AO4: 24.954694 | AP4: 24.214909 | AQ4: 23.328671 | AR4: 24.617597 | AS4: 23.914961 | AT4: 24.113659 | AU4: 23.987799 | AV4: 23.972983 | AW4: 23.997654 | AX4: 23.954079 | AY4: 25.768734 | AZ4: 25.82927 | BA4: 25.768533 | BB4: 25.768598 | BC4: 22.153706 | BD4: 24.216187 | BE4: 24.210457 | BF4: 25.46027 | BG4: 22.546694 | BH4: 22.546694 | BI4: 24.412386 | BJ4: 23.048716 | BK4: 24.596684 | BL4: 24.464125 | BM4: 24.464125 | BN4: 24.946697 | BO4: 25.563895 | BP4: 23.879412 | BQ4: 24.374632 | BR4: 24.539879 | BS4: 24.463566 | BT4: =+Cmg_Barra!BT4-Cmg_Cong!BT4 -> 24.596684 | BU4: 23.972983 | BV4: 23.872002 | BW4: 24.11063 | BX4: 24.482164 | BY4: 24.485502 | BZ4: 23.804341 | CA4: 23.121919 | CB4: 23.865533 | CC4: 23.334808 | CD4: 27.582272 | CE4: 22.704457 | CF4: 23.723757 | CG4: 28.059364 | CH4: 23.142498 | CI4: 24.010085 | CJ4: 23.978178 | CK4: 24.45795 | CL4: 25.905133 | CM4: 25.992535 | CN4: 25.551539 | CO4: 25.361753 | CP4: 25.992577 | CQ4: 24.366547 | CR4: 24.464125 | CS4: 24.224222 | CT4: 25.424916 | CU4: 25.444101 | CV4: 24.113664 | CW4: 24.399708 | CX4: 23.662753 | CY4: 24.392196 | CZ4: 23.997654 | DA4: 23.997654 | DB4: 24.016636 | DC4: 25.811164 | DD4: 25.929962 | DE4: 23.212776 | DF4: 21.587409 | DG4: 21.540057 | DH4: 21.750746 | DI4: 24.586129 | DJ4: 23.757193 | DK4: 23.716502 | DL4: 22.985819 | DM4: 27.408263 | DN4: 26.064321 | DO4: 26.06437 | DP4: 25.499007 | DQ4: 25.551539 | DR4: 23.865533 | DS4: 26.2241 | DT4: 23.972983 | DU4: 23.890562 | DV4: 24.109396 | DW4: 22.737271 | DX4: 22.722625 | DY4: 23.318814 | DZ4: 23.444305 | EA4: 22.515419 | EB4: 22.388917 | EC4: 23.952515 | ED4: 23.835285 | EE4: 23.786443 | EF4: 24.942608 | EG4: 22.538348 | EH4: 25.84528 | EI4: 24.211149 | EJ4: 26.712419 | EK4: 23.996152 | EL4: 23.996152 | EM4: 23.430912 | EN4: 24.528024 | EO4: 24.946697 | EP4: 24.946697 | EQ4: 25.316683 | ER4: 25.316192 | ES4: 23.667843 | ET4: 23.667843 | EU4: 25.440594 | EV4: 24.491637 | EW4: 23.364424 | EX4: 24.596684 | EY4: 24.596684 | EZ4: 25.913815 | FA4: 22.89672 | FB4: 25.361753 | FC4: 28.058967 | FD4: 22.7022 | FE4: 28.058967 | FF4: 25.315037 | FG4: 24.23284 | FH4: 25.170621 | FI4: 22.181572 | FJ4: 24.221569 | FK4: 23.491976 | FL4: 25.783523 | FM4: 25.655034 | FN4: 25.600764 | FO4: 24.221589 | FP4: 24.221569 | FQ4: 24.221581 | FR4: 26.442304 | FS4: 26.442304 | FT4: 25.342764 | FU4: 25.364833 | FV4: 25.275813 | FW4: 25.941635 | FX4: 23.757712 | FY4: 26.476473 | FZ4: 26.451704 | GA4: 24.359149 | GB4: 25.960381 | GC4: 24.34893 | GD4: 24.143233 | GE4: 24.09222 | GF4: 23.304329 | GG4: 22.397533 | GH4: 21.657714 | GI4: 21.729007 | GJ4: 24.132034 | GK4: 26.185841
B5: 43431.042 | C5: 23.903665 | D5: 23.933325 | E5: 23.921452 | F5: 23.903641 | G5: 24.334817 | H5: 25.993092 | I5: 26.078277 | J5: 26.033219 | K5: 24.916236 | L5: 23.995712 | M5: 25.746298 | N5: 25.213578 | O5: 24.23517 | P5: 26.043373 | Q5: 24.444318 | R5: 23.41454 | S5: 23.446686 | T5: 23.995322 | U5: 24.21034 | V5: 23.938726 | W5: 23.872175 | X5: 26.631904 | Y5: 23.042424 | Z5: 24.898164 | AA5: 24.214269 | AB5: 22.462636 | AC5: 23.793941 | AD5: 23.950599 | AE5: 22.594041 | AF5: 26.156217 | AG5: 24.055649 | AH5: 23.246685 | AI5: 23.332591 | AJ5: 25.919491 | AK5: 22.620606 | AL5: 21.139694 | AM5: 25.107215 | AN5: 24.595523 | AO5: 25.226474 | AP5: 24.283147 | AQ5: 23.394824 | AR5: 24.641804 | AS5: 24.00906 | AT5: 24.214455 | AU5: 24.082085 | AV5: 24.064177 | AW5: 24.09184 | AX5: 24.0488 | AY5: 25.966067 | AZ5: 26.007897 | BA5: 25.965866 | BB5: 25.965931 | BC5: 22.267801 | BD5: 24.270084 | BE5: 24.265742 | BF5: 25.586363 | BG5: 22.598227 | BH5: 22.598227 | BI5: 24.561637 | BJ5: 23.072897 | BK5: 24.622518 | BL5: 24.861965 | BM5: 24.861965 | BN5: 24.954352 | BO5: 25.727208 | BP5: 23.915248 | BQ5: 24.661832 | BR5: 24.638329 | BS5: 24.567173 | BT5: =+Cmg_Barra!BT5-Cmg_Cong!BT5 -> 24.622518 | BU5: 24.064177 | BV5: 23.962952 | BW5: 24.129193 | BX5: 24.516913 | BY5: 24.520176 | BZ5: 23.868358 | CA5: 23.148372 | CB5: 23.938726 | CC5: 23.541861 | CD5: 27.589963 | CE5: 22.734982 | CF5: 23.935434 | CG5: 28.23589 | CH5: 23.301683 | CI5: 24.072894 | CJ5: 24.036594 | CK5: 24.81549 | CL5: 26.068887 | CM5: 26.156313 | CN5: 25.713555 | CO5: 25.520731 | CP5: 26.156356 | CQ5: 24.765322 | CR5: 24.861965 | CS5: 24.296854 | CT5: 25.574351 | CU5: 25.593565 | CV5: 24.21446 | CW5: 24.44599 | CX5: 23.704977 | CY5: 24.439255 | CZ5: 24.09184 | DA5: 24.09184 | DB5: 24.085129 | DC5: 25.969704 | DD5: 26.084098 | DE5: 23.352343 | DF5: 21.644064 | DG5: 21.59659 | DH5: 21.793225 | DI5: 24.748069 | DJ5: 23.825835 | DK5: 23.786217 | DL5: 23.117996 | DM5: 27.580692 | DN5: 26.23668 | DO5: 26.236729 | DP5: 25.659582 | DQ5: 25.713555 | DR5: 23.938726 | DS5: 26.17082 | DT5: 24.064177 | DU5: 23.981453 | DV5: 24.17424 | DW5: 22.795625 | DX5: 22.783035 | DY5: 23.414941 | DZ5: 23.450842 | EA5: 22.567614 | EB5: 22.436852 | EC5: 24.002945 | ED5: 23.890762 | EE5: 23.844025 | EF5: 24.971144 | EG5: 22.570845 | EH5: 25.797873 | EI5: 24.286654 | EJ5: 26.64624 | EK5: 24.214455 | EL5: 24.214455 | EM5: 23.525932 | EN5: 24.671097 | EO5: 24.954352 | EP5: 24.954352 | EQ5: 25.471291 | ER5: 25.470798 | ES5: 23.780123 | ET5: 23.780123 | EU5: 25.59186 | EV5: 24.593694 | EW5: 23.401741 | EX5: 24.622518 | EY5: 24.622518 | EZ5: 26.077676 | FA5: 23.034774 | FB5: 25.520731 | FC5: 28.235491 | FD5: 22.848703 | FE5: 28.235491 | FF5: 25.46964 | FG5: 24.314112 | FH5: 25.332825 | FI5: 22.227217 | FJ5: 24.291342 | FK5: 23.633469 | FL5: 25.952711 | FM5: 25.820522 | FN5: 25.765354 | FO5: 24.291362 | FP5: 24.291342 | FQ5: 24.291355 | FR5: 26.32403 | FS5: 26.32403 | FT5: 25.291738 | FU5: 25.313586 | FV5: 25.224507 | FW5: 25.891931 | FX5: 23.804189 | FY5: 26.643462 | FZ5: 26.620068 | GA5: 24.368722 | GB5: 26.140053 | GC5: 24.397796 | GD5: 24.212826 | GE5: 24.161663 | GF5: 23.349842 | GG5: 22.512588 | GH5: 21.697895 | GI5: 21.770111 | GJ5: 24.209609 | GK5: 26.133046
B6: 43431.063 | C6: 23.832237 | D6: 23.86143 | E6: 23.849743 | F6: 23.832213 | G6: 24.213197 | H6: 25.818408 | I6: 25.893843 | J6: 25.851542 | K6: 24.559457 | L6: 23.909965 | M6: 25.533833 | N6: 25.00864 | O6: 24.176054 | P6: 25.850692 | Q6: 24.289454 | R6: 23.396377 | S6: 23.426246 | T6: 23.9411 | U6: 24.108789 | V6: 23.850938 | W6: 23.775286 | X6: 26.418229 | Y6: 22.898171 | Z6: 24.535212 | AA6: 24.107447 | AB6: 22.427103 | AC6: 23.729425 | AD6: 23.886 | AE6: 22.550604 | AF6: 25.965185 | AG6: 24.000773 | AH6: 23.09609 | AI6: 23.182484 | AJ6: 25.726268 | AK6: 22.565323 | AL6: 21.156265 | AM6: 24.900597 | AN6: 24.385732 | AO6: 25.05207 | AP6: 24.1764 | AQ6: 23.334227 | AR6: 24.564036 | AS6: 23.89412 | AT6: 24.092319 | AU6: 23.966966 | AV6: 23.950627 | AW6: 23.976336 | AX6: 23.935258 | AY6: 25.761844 | AZ6: 25.807884 | BA6: 25.761644 | BB6: 25.761709 | BC6: 22.167331 | BD6: 24.189418 | BE6: 24.182684 | BF6: 25.396532 | BG6: 22.555948 | BH6: 22.555948 | BI6: 24.400434 | BJ6: 23.06054 | BK6: 24.545927 | BL6: 24.48556 | BM6: 24.48556 | BN6: 24.872571 | BO6: 25.540157 | BP6: 23.850744 | BQ6: 24.390504 | BR6: 24.478495 | BS6: 24.408878 | BT6: =+Cmg_Barra!BT6-Cmg_Cong!BT6 -> 24.545927 | BU6: 23.950627 | BV6: 23.850441 | BW6: 24.041484 | BX6: 24.446792 | BY6: 24.449567 | BZ6: 23.790715 | CA6: 23.132745 | CB6: 23.850938 | CC6: 23.332248 | CD6: 27.534921 | CE6: 22.688863 | CF6: 23.819739 | CG6: 28.009346 | CH6: 23.165932 | CI6: 24.004117 | CJ6: 23.981378 | CK6: 24.474985 | CL6: 25.878075 | CM6: 25.964965 | CN6: 25.527966 | CO6: 25.34075 | CP6: 25.965007 | CQ6: 24.38859 | CR6: 24.48556 | CS6: 24.185122 | CT6: 25.368372 | CU6: 25.386547 | CV6: 24.092324 | CW6: 24.364402 | CX6: 23.665616 | CY6: 24.357238 | CZ6: 23.976336 | DA6: 23.976336 | DB6: 23.992009 | DC6: 25.778497 | DD6: 25.88954 | DE6: 23.212814 | DF6: 21.591601 | DG6: 21.545729 | DH6: 21.746815 | DI6: 24.580932 | DJ6: 23.745202 | DK6: 23.708141 | DL6: 22.929045 | DM6: 27.359405 | DN6: 26.018215 | DO6: 26.018264 | DP6: 25.47565 | DQ6: 25.527966 | DR6: 23.798716 | DS6: 26.017786 | DT6: 23.950627 | DU6: 23.868004 | DV6: 24.066834 | DW6: 22.739489 | DX6: 22.727 | DY6: 23.307049 | DZ6: 23.404058 | EA6: 22.534258 | EB6: 22.405277 | EC6: 23.943266 | ED6: 23.823956 | EE6: 23.774246 | EF6: 24.954287 | EG6: 22.525342 | EH6: 25.674628 | EI6: 24.173888 | EJ6: 26.516085 | EK6: 24.092319 | EL6: 24.092319 | EM6: 23.41697 | EN6: 24.512226 | EO6: 24.872571 | EP6: 24.872571 | EQ6: 25.293848 | ER6: 25.293396 | ES6: 23.56786 | ET6: 23.56786 | EU6: 25.390724 | EV6: 24.434424 | EW6: 23.387019 | EX6: 24.545927 | EY6: 24.545927 | EZ6: 25.865427 | FA6: 22.890539 | FB6: 25.34075 | FC6: 28.00895 | FD6: 22.671068 | FE6: 28.00895 | FF6: 25.292334 | FG6: 24.193321 | FH6: 25.179601 | FI6: 22.199984 | FJ6: 24.182612 | FK6: 23.486772 | FL6: 25.756276 | FM6: 25.632113 | FN6: 25.578821 | FO6: 24.182631 | FP6: 24.182612 | FQ6: 24.182624 | FR6: 26.280347 | FS6: 26.280347 | FT6: 25.16825 | FU6: 25.189449 | FV6: 25.101342 | FW6: 25.74235 | FX6: 23.731662 | FY6: 26.420709 | FZ6: 26.396286 | GA6: 24.268378 | GB6: 25.947912 | GC6: 24.315781 | GD6: 24.109408 | GE6: 24.061137 | GF6: 23.300117 | GG6: 22.404575 | GH6: 21.668216 | GI6: 21.740847 | GJ6: 24.103924 | GK6: 25.98048
B7: 43431.083 | C7: 23.777507 | D7: 23.804742 | E7: 23.793839 | F7: 23.777484 | G7: 24.205492 | H7: 25.698443 | I7: 25.780894 | J7: 25.736194 | K7: 24.77254 | L7: 23.851222 | M7: 25.442093 | N7: 24.914509 | O7: 24.120968 | P7: 25.767737 | Q7: 24.155017 | R7: 23.382882 | S7: 23.411925 | T7: 23.889705 | U7: 24.109919 | V7: 23.859118 | W7: 23.779293 | X7: 26.343318 | Y7: 22.90821 | Z7: 24.73238 | AA7: 24.096734 | AB7: 22.386261 | AC7: 23.663826 | AD7: 23.822075 | AE7: 22.520081 | AF7: 25.878676 | AG7: 23.949051 | AH7: 23.116334 | AI7: 23.19698 | AJ7: 25.650143 | AK7: 22.544312 | AL7: 21.143756 | AM7: 24.809608 | AN7: 24.291069 | AO7: 24.965125 | AP7: 24.173447 | AQ7: 23.295461 | AR7: 24.481115 | AS7: 23.887577 | AT7: 24.088664 | AU7: 23.960356 | AV7: 23.941391 | AW7: 23.969646 | AX7: 23.928972 | AY7: 25.674238 | AZ7: 25.727049 | BA7: 25.674038 | BB7: 25.674103 | BC7: 22.188401 | BD7: 24.152311 | BE7: 24.147116 | BF7: 25.282863 | BG7: 22.523266 | BH7: 22.523266 | BI7: 24.282857 | BJ7: 23.04023 | BK7: 24.463893 | BL7: 24.66647 | BM7: 24.66647 | BN7: 24.746595 | BO7: 25.472005 | BP7: 23.786914 | BQ7: 24.498613 | BR7: 24.344384 | BS7: 24.276259 | BT7: =+Cmg_Barra!BT7-Cmg_Cong!BT7 -> 24.463893 | BU7: 23.941391 | BV7: 23.839968 | BW7: 23.932983 | BX7: 24.369637 | BY7: 24.370806 | BZ7: 23.764176 | CA7: 23.111199 | CB7: 23.859118 | CC7: 23.386365 | CD7: 27.616208 | CE7: 22.641923 | CF7: 23.81363 | CG7: 27.929923 | CH7: 23.170477 | CI7: 24.048215 | CJ7: 24.038507 | CK7: 24.621211 | CL7: 25.793426 | CM7: 25.878017 | CN7: 25.458612 | CO7: 25.278775 | CP7: 25.87806 | CQ7: 24.569835 | CR7: 24.66647 | CS7: 24.181342 | CT7: 25.283817 | CU7: 25.301983 | CV7: 24.088669 | CW7: 24.314226 | CX7: 23.623911 | CY7: 24.30796 | CZ7: 23.969646 | DA7: 23.969646 | DB7: 23.973386 | DC7: 25.708195 | DD7: 25.822029 | DE7: 23.071058 | DF7: 21.572107 | DG7: 21.524793 | DH7: 21.728218 | DI7: 24.569634 | DJ7: 23.75623 | DK7: 23.719682 | DL7: 22.784681 | DM7: 27.281825 | DN7: 25.946277 | DO7: 25.946325 | DP7: 25.409358 | DQ7: 25.458612 | DR7: 23.75549 | DS7: 25.841215 | DT7: 23.941391 | DU7: 23.859324 | DV7: 24.061617 | DW7: 22.718517 | DX7: 22.702886 | DY7: 23.308507 | DZ7: 23.47315 | EA7: 22.502107 | EB7: 22.37419 | EC7: 23.914704 | ED7: 23.79522 | EE7: 23.745438 | EF7: 24.931044 | EG7: 22.480422 | EH7: 25.511015 | EI7: 24.162009 | EJ7: 26.347604 | EK7: 24.088664 | EL7: 24.088664 | EM7: 23.416027 | EN7: 24.48954 | EO7: 24.746595 | EP7: 24.746595 | EQ7: 25.240097 | ER7: 25.239607 | ES7: 23.380539 | ET7: 23.380539 | EU7: 25.306135 | EV7: 24.30376 | EW7: 23.354493 | EX7: 24.463893 | EY7: 24.463893 | EZ7: 25.796184 | FA7: 22.900514 | FB7: 25.278775 | FC7: 27.929528 | FD7: 22.531479 | FE7: 27.929528 | FF7: 25.238453 | FG7: 24.187197 | FH7: 25.17527 | FI7: 22.140283 | FJ7: 24.179614 | FK7: 23.350487 | FL7: 25.681085 | FM7: 25.560264 | FN7: 25.507182 | FO7: 24.179633 | FP7: 24.179614 | FQ7: 24.179626 | FR7: 26.009556 | FS7: 26.009556 | FT7: 25.004319 | FU7: 25.025639 | FV7: 24.937311 | FW7: 25.569735 | FX7: 23.683322 | FY7: 26.325711 | FZ7: 26.302539 | GA7: 24.200493 | GB7: 25.837573 | GC7: 24.269626 | GD7: 24.107379 | GE7: 24.061087 | GF7: 23.280192 | GG7: 22.428472 | GH7: 21.605474 | GI7: 21.678571 | GJ7: 24.094029 | GK7: 25.804446
B8: 43431.104 | C8: 23.769285 | D8: 23.796137 | E8: 23.785387 | F8: 23.769261 | G8: 24.192649 | H8: 25.687246 | I8: 25.770905 | J8: 25.726236 | K8: 24.753126 | L8: 23.852307 | M8: 25.414743 | N8: 24.88779 | O8: 24.09493 | P8: 25.743283 | Q8: 24.094633 | R8: 23.378642 | S8: 23.407155 | T8: 23.8676 | U8: 24.109573 | V8: 23.896677 | W8: 23.796296 | X8: 26.314657 | Y8: 22.929631 | Z8: 24.709016 | AA8: 24.091344 | AB8: 22.393253 | AC8: 23.635351 | AD8: 23.791731 | AE8: 22.557671 | AF8: 25.871764 | AG8: 23.926474 | AH8: 23.18231 | AI8: 23.250139 | AJ8: 25.641078 | AK8: 22.561929 | AL8: 21.143593 | AM8: 24.783723 | AN8: 24.266679 | AO8: 24.937268 | AP8: 24.169331 | AQ8: 23.286052 | AR8: 24.439198 | AS8: 23.879136 | AT8: 24.076917 | AU8: 23.951971 | AV8: 23.936574 | AW8: 23.961291 | AX8: 23.920468 | AY8: 25.646925 | AZ8: 25.702168 | BA8: 25.646725 | BB8: 25.64679 | BC8: 22.166583 | BD8: 24.136611 | BE8: 24.131948 | BF8: 25.240408 | BG8: 22.573907 | BH8: 22.573907 | BI8: 24.228757 | BJ8: 23.030465 | BK8: 24.422989 | BL8: 24.639679 | BM8: 24.639679 | BN8: 24.723586 | BO8: 25.457672 | BP8: 23.756614 | BQ8: 24.47547 | BR8: 24.276627 | BS8: 24.213932 | BT8: =+Cmg_Barra!BT8-Cmg_Cong!BT8 -> 24.422989 | BU8: 23.936574 | BV8: 23.835411 | BW8: 23.876395 | BX8: 24.3343 | BY8: 24.335538 | BZ8: 23.753673 | CA8: 23.101139 | CB8: 23.896677 | CC8: 23.394474 | CD8: 27.702674 | CE8: 22.640723 | CF8: 23.81251 | CG8: 27.899536 | CH8: 23.180442 | CI8: 24.060495 | CJ8: 24.060519 | CK8: 24.59548 | CL8: 25.785051 | CM8: 25.872838 | CN8: 25.445312 | CO8: 25.265588 | CP8: 25.87288 | CQ8: 24.544517 | CR8: 24.639679 | CS8: 24.173597 | CT8: 25.259256 | CU8: 25.277413 | CV8: 24.076922 | CW8: 24.291701 | CX8: 23.606584 | CY8: 24.285907 | CZ8: 23.961291 | DA8: 23.961291 | DB8: 23.965293 | DC8: 25.693092 | DD8: 25.806044 | DE8: 23.019413 | DF8: 21.591253 | DG8: 21.541671 | DH8: 21.718555 | DI8: 24.56464 | DJ8: 23.816249 | DK8: 23.782321 | DL8: 22.751002 | DM8: 27.252143 | DN8: 25.942538 | DO8: 25.942587 | DP8: 25.396542 | DQ8: 25.445312 | DR8: 23.673651 | DS8: 25.712535 | DT8: 23.936574 | DU8: 23.854541 | DV8: 24.058951 | DW8: 22.736652 | DX8: 22.71376 | DY8: 23.306857 | DZ8: 23.546644 | EA8: 22.504633 | EB8: 22.376532 | EC8: 23.900793 | ED8: 23.78298 | EE8: 23.733896 | EF8: 24.920192 | EG8: 22.479274 | EH8: 25.394172 | EI8: 24.15352 | EJ8: 26.219909 | EK8: 24.076917 | EL8: 24.076917 | EM8: 23.412387 | EN8: 24.490921 | EO8: 24.723586 | EP8: 24.723586 | EQ8: 25.228663 | ER8: 25.228172 | ES8: 23.338453 | ET8: 23.338453 | EU8: 25.282416 | EV8: 24.243511 | EW8: 23.341439 | EX8: 24.422989 | EY8: 24.422989 | EZ8: 25.789372 | FA8: 22.921949 | FB8: 25.265588 | FC8: 27.899141 | FD8: 22.504748 | FE8: 27.899141 | FF8: 25.227017 | FG8: 24.173984 | FH8: 25.168012 | FI8: 22.145045 | FJ8: 24.173684 | FK8: 23.29808 | FL8: 25.659095 | FM8: 25.54475 | FN8: 25.491875 | FO8: 24.173703 | FP8: 24.173684 | FQ8: 24.173696 | FR8: 25.880285 | FS8: 25.880285 | FT8: 24.881821 | FU8: 24.902434 | FV8: 24.81457 | FW8: 25.438596 | FX8: 23.678798 | FY8: 26.308268 | FZ8: 26.286251 | GA8: 24.191838 | GB8: 25.828636 | GC8: 24.249659 | GD8: 24.105446 | GE8: 24.061038 | GF8: 23.269839 | GG8: 22.40758 | GH8: 21.612803 | GI8: 21.68552 | GJ8: 24.088957 | GK8: 25.675432
B9: 43431.125 | C9: 23.718204 | D9: 23.744562 | E9: 23.73401 | F9: 23.71818 | G9: 24.132232 | H9: 25.664804 | I9: 25.745702 | J9: 25.70267 | K9: 24.696433 | L9: 23.801273 | M9: 25.337793 | N9: 24.813078 | O9: 24.036238 | P9: 25.694612 | Q9: 24.022681 | R9: 23.337387 | S9: 23.365555 | T9: 23.808844 | U9: 24.042258 | V9: 23.775704 | W9: 23.702327 | X9: 26.234743 | Y9: 22.83192 | Z9: 24.677284 | AA9: 24.030968 | AB9: 22.340344 | AC9: 23.575896 | AD9: 23.732089 | AE9: 22.491228 | AF9: 25.817801 | AG9: 23.867973 | AH9: 23.015876 | AI9: 23.101707 | AJ9: 25.558371 | AK9: 22.499437 | AL9: 21.108935 | AM9: 24.696542 | AN9: 24.182663 | AO9: 24.831447 | AP9: 24.115056 | AQ9: 23.240651 | AR9: 24.374417 | AS9: 23.816239 | AT9: 24.017346 | AU9: 23.888872 | AV9: 23.870629 | AW9: 23.898165 | AX9: 23.857462 | AY9: 25.555764 | AZ9: 25.617693 | BA9: 25.555564 | BB9: 25.555629 | BC9: 22.115859 | BD9: 24.075799 | BE9: 24.071107 | BF9: 25.163143 | BG9: 22.50614 | BH9: 22.50614 | BI9: 24.139434 | BJ9: 22.9834 | BK9: 24.358644 | BL9: 24.645534 | BM9: 24.645534 | BN9: 24.654774 | BO9: 25.390299 | BP9: 23.69706 | BQ9: 24.465683 | BR9: 24.209575 | BS9: 24.144284 | BT9: =+Cmg_Barra!BT9-Cmg_Cong!BT9 -> 24.358644 | BU9: 23.870629 | BV9: 23.769917 | BW9: 23.834022 | BX9: 24.272348 | BY9: 24.273825 | BZ9: 23.703799 | CA9: 23.053158 | CB9: 23.775704 | CC9: 23.325859 | CD9: 27.595379 | CE9: 22.585033 | CF9: 23.7444 | CG9: 27.814809 | CH9: 23.09406 | CI9: 23.964043 | CJ9: 23.942198 | CK9: 24.586555 | CL9: 25.72928 | CM9: 25.81733 | CN9: 25.376098 | CO9: 25.191737 | CP9: 25.817372 | CQ9: 24.548385 | CR9: 24.645534 | CS9: 24.112499 | CT9: 25.187432 | CU9: 25.20554 | CV9: 24.017351 | CW9: 24.229837 | CX9: 23.553067 | CY9: 24.224232 | CZ9: 23.898165 | DA9: 23.898165 | DB9: 23.912008 | DC9: 25.624664 | DD9: 25.734827 | DE9: 22.939395 | DF9: 21.532307 | DG9: 21.485834 | DH9: 21.678188 | DI9: 24.481773 | DJ9: 23.661778 | DK9: 23.62243 | DL9: 22.682429 | DM9: 27.169382 | DN9: 25.858891 | DO9: 25.85894 | DP9: 25.324988 | DQ9: 25.376098 | DR9: 23.596032 | DS9: 25.618927 | DT9: 23.870629 | DU9: 23.788764 | DV9: 24.010083 | DW9: 22.67298 | DX9: 22.653447 | DY9: 23.238614 | DZ9: 23.455446 | EA9: 22.457742 | EB9: 22.328853 | EC9: 23.85324 | ED9: 23.733488 | EE9: 23.683594 | EF9: 24.868433 | EG9: 22.424065 | EH9: 25.299946 | EI9: 24.08989 | EJ9: 26.136781 | EK9: 24.017346 | EL9: 24.017346 | EM9: 23.346315 | EN9: 24.402412 | EO9: 24.654774 | EP9: 24.654774 | EQ9: 25.148095 | ER9: 25.14786 | ES9: 23.273124 | ET9: 23.273124 | EU9: 25.211606 | EV9: 24.173686 | EW9: 23.292203 | EX9: 24.358644 | EY9: 24.358644 | EZ9: 25.704474 | FA9: 22.82426 | FB9: 25.191737 | FC9: 27.814416 | FD9: 22.430102 | FE9: 27.814416 | FF9: 25.147308 | FG9: 24.111599 | FH9: 25.086133 | FI9: 22.092951 | FJ9: 24.113019 | FK9: 23.215507 | FL9: 25.577754 | FM9: 25.463746 | FN9: 25.411844 | FO9: 24.113038 | FP9: 24.113019 | FQ9: 24.113031 | FR9: 25.724815 | FS9: 25.724815 | FT9: 24.789663 | FU9: 24.810061 | FV9: 24.722754 | FW9: 25.346286 | FX9: 23.629624 | FY9: 26.223212 | FZ9: 26.205935 | GA9: 24.137407 | GB9: 25.804509 | GC9: 24.188726 | GD9: 24.06129 | GE9: 24.025127 | GF9: 23.226589 | GG9: 22.349531 | GH9: 21.554399 | GI9: 21.628204 | GJ9: 24.031701 | GK9: 25.582
B10: 43431.146 | C10: 23.72866 | D10: 23.755702 | E10: 23.744876 | F10: 23.728637 | G10: 24.131862 | H10: 25.716046 | I10: 25.796008 | J10: 25.753 | K10: 24.683197 | L10: 23.813438 | M10: 25.412534 | N10: 24.876037 | O10: 24.05267 | P10: 25.740262 | Q10: 24.179047 | R10: 23.342345 | S10: 23.370517 | T10: 23.824568 | U10: 24.045251 | V10: 23.771967 | W10: 23.700739 | X10: 26.310453 | Y10: 22.856357 | Z10: 24.661243 | AA10: 24.034885 | AB10: 22.335541 | AC10: 23.595709 | AD10: 23.75151 | AE10: 22.482898 | AF10: 25.859569 | AG10: 23.884409 | AH10: 23.044992 | AI10: 23.131209 | AJ10: 25.634111 | AK10: 22.492859 | AL10: 21.106712 | AM10: 24.764089 | AN10: 24.246585 | AO10: 24.918554 | AP10: 24.119432 | AQ10: 23.247527 | AR10: 24.399901 | AS10: 23.820306 | AT10: 24.018279 | AU10: 23.892917 | AV10: 23.878462 | AW10: 23.9022 | AX10: 23.86155 | AY10: 25.626678 | AZ10: 25.688768 | BA10: 25.626479 | BB10: 25.626544 | BC10: 22.072633 | BD10: 24.085766 | BE10: 24.081067 | BF10: 25.289024 | BG10: 22.497176 | BH10: 22.497176 | BI10: 24.31923 | BJ10: 22.993998 | BK10: 24.384234 | BL10: 24.624371 | BM10: 24.624371 | BN10: 24.691711 | BO10: 25.445786 | BP10: 23.716453 | BQ10: 24.44295 | BR10: 24.362571 | BS10: 24.297215 | BT10: =+Cmg_Barra!BT10-Cmg_Cong!BT10 -> 24.384234 | BU10: 23.878462 | BV10: 23.777311 | BW10: 23.855807 | BX10: 24.298508 | BY10: 24.300559 | BZ10: 23.707863 | CA10: 23.063563 | CB10: 23.771967 | CC10: 23.34027 | CD10: 27.586521 | CE10: 22.573935 | CF10: 23.753123 | CG10: 27.895079 | CH10: 23.113142 | CI10: 23.962198 | CJ10: 23.93632 | CK10: 24.572477 | CL10: 25.775353 | CM10: 25.859997 | CN10: 25.435429 | CO10: 25.253509 | CP10: 25.86004 | CQ10: 24.527388 | CR10: 24.624371 | CS10: 24.115412 | CT10: 25.248042 | CU10: 25.266144 | CV10: 24.018284 | CW10: 24.244684 | CX10: 23.565605 | CY10: 24.238593 | CZ10: 23.9022 | DA10: 23.9022 | DB10: 23.914208 | DC10: 25.682152 | DD10: 25.79235 | DE10: 23.110319 | DF10: 21.526338 | DG10: 21.479134 | DH10: 21.678585 | DI10: 24.522722 | DJ10: 23.654047 | DK10: 23.61437 | DL10: 22.727639 | DM10: 27.247789 | DN10: 25.928239 | DO10: 25.928287 | DP10: 25.385062 | DQ10: 25.435429 | DR10: 23.591653 | DS10: 25.671033 | DT10: 23.878462 | DU10: 23.796164 | DV10: 24.019545 | DW10: 22.666266 | DX10: 22.646595 | DY10: 23.235868 | DZ10: 23.447917 | EA10: 22.44398 | EB10: 22.321727 | EC10: 23.858275 | ED10: 23.738216 | EE10: 23.688194 | EF10: 24.879657 | EG10: 22.413256 | EH10: 25.35597 | EI10: 24.09103 | EJ10: 26.207157 | EK10: 24.018279 | EL10: 24.018279 | EM10: 23.343767 | EN10: 24.44482 | EO10: 24.691711 | EP10: 24.691711 | EQ10: 25.211312 | ER10: 25.210981 | ES10: 23.311911 | ET10: 23.311911 | EU10: 25.27109 | EV10: 24.324555 | EW10: 23.302747 | EX10: 24.384234 | EY10: 24.384234 | EZ10: 25.780502 | FA10: 22.848696 | FB10: 25.253509 | FC10: 27.894684 | FD10: 22.481471 | FE10: 27.894684 | FF10: 25.210203 | FG10: 24.112197 | FH10: 25.122568 | FI10: 22.086665 | FJ10: 24.116703 | FK10: 23.388123 | FL10: 25.649719 | FM10: 25.53968 | FN10: 25.486941 | FO10: 24.116722 | FP10: 24.116703 | FQ10: 24.116715 | FR10: 25.852883 | FS10: 25.852883 | FT10: 24.847959 | FU10: 24.868601 | FV10: 24.78117 | FW10: 25.396227 | FX10: 23.637658 | FY10: 26.316825 | FZ10: 26.295769 | GA10: 24.169925 | GB10: 25.853142 | GC10: 24.201045 | GD10: 24.065574 | GE10: 24.029573 | GF10: 23.227014 | GG10: 22.315817 | GH10: 21.551715 | GI10: 21.624899 | GJ10: 24.035351 | GK10: 25.633812
B11: 43431.167 | C11: 23.681579 | D11: 23.708405 | E11: 23.697665 | F11: 23.681555 | G11: 24.094248 | H11: 25.748127 | I11: 25.830276 | J11: 25.786868 | K11: 24.439113 | L11: 23.763608 | M11: 25.47685 | N11: 24.974046 | O11: 24.027587 | P11: 25.771315 | Q11: 24.188207 | R11: 23.307633 | S11: 23.334799 | T11: 23.797529 | U11: 24.020035 | V11: 23.764335 | W11: 23.682422 | X11: 26.311456 | Y11: 22.82172 | Z11: 24.414046 | AA11: 24.005572 | AB11: 22.301237 | AC11: 23.561935 | AD11: 23.719344 | AE11: 22.440874 | AF11: 25.882518 | AG11: 23.858115 | AH11: 23.026222 | AI11: 23.109556 | AJ11: 25.633235 | AK11: 22.459306 | AL11: 21.090256 | AM11: 24.785879 | AN11: 24.279927 | AO11: 24.929603 | AP11: 24.092468 | AQ11: 23.21526 | AR11: 24.361912 | AS11: 23.786313 | AT11: 23.978627 | AU11: 23.858816 | AV11: 23.849399 | AW11: 23.868043 | AX11: 23.827671 | AY11: 25.63667 | AZ11: 25.695083 | BA11: 25.63647 | BB11: 25.636535 | BC11: 22.05204 | BD11: 24.054188 | BE11: 24.04945 | BF11: 25.300494 | BG11: 22.450806 | BH11: 22.450806 | BI11: 24.311912 | BJ11: 22.968953 | BK11: 24.347161 | BL11: 24.367419 | BM11: 24.367419 | BN11: 24.636244 | BO11: 25.461829 | BP11: 23.684334 | BQ11: 24.277115 | BR11: 24.373853 | BS11: 24.307487 | BT11: =+Cmg_Barra!BT11-Cmg_Cong!BT11 -> 24.347161 | BU11: 23.849399 | BV11: 23.748825 | BW11: 23.831182 | BX11: 24.266458 | BY11: 24.268793 | BZ11: 23.6732 | CA11: 23.038013 | CB11: 23.764335 | CC11: 23.245668 | CD11: 27.496635 | CE11: 22.548702 | CF11: 23.72216 | CG11: 27.896142 | CH11: 23.07829 | CI11: 23.951511 | CJ11: 23.937217 | CK11: 24.357658 | CL11: 25.796395 | CM11: 25.882469 | CN11: 25.446733 | CO11: 25.255041 | CP11: 25.882511 | CQ11: 24.270324 | CR11: 24.367419 | CS11: 24.085734 | CT11: 25.32228 | CU11: 25.340365 | CV11: 23.978632 | CW11: 24.211342 | CX11: 23.538885 | CY11: 24.205421 | CZ11: 23.868043 | DA11: 23.868043 | DB11: 23.880854 | DC11: 25.699877 | DD11: 25.811603 | DE11: 23.111837 | DF11: 21.493626 | DG11: 21.447235 | DH11: 21.639413 | DI11: 24.47298 | DJ11: 23.652716 | DK11: 23.613975 | DL11: 22.833714 | DM11: 27.248828 | DN11: 25.951331 | DO11: 25.95138 | DP11: 25.393101 | DQ11: 25.446733 | DR11: 23.567771 | DS11: 25.569156 | DT11: 23.849399 | DU11: 23.767335 | DV11: 23.992903 | DW11: 22.63278 | DX11: 22.615138 | DY11: 23.207476 | DZ11: 23.371516 | EA11: 22.41968 | EB11: 22.291786 | EC11: 23.805195 | ED11: 23.695606 | EE11: 23.649949 | EF11: 24.852095 | EG11: 22.387917 | EH11: 25.263744 | EI11: 24.058238 | EJ11: 26.091764 | EK11: 23.978627 | EL11: 23.978627 | EM11: 23.314859 | EN11: 24.415306 | EO11: 24.636244 | EP11: 24.636244 | EQ11: 25.208364 | ER11: 25.207885 | ES11: 23.084322 | ET11: 23.084322 | EU11: 25.337643 | EV11: 24.33483 | EW11: 23.276323 | EX11: 24.347161 | EY11: 24.347161 | EZ11: 25.789449 | FA11: 22.814093 | FB11: 25.255041 | FC11: 27.895748 | FD11: 22.705388 | FE11: 27.895748 | FF11: 25.206759 | FG11: 24.077241 | FH11: 25.05189 | FI11: 22.056282 | FJ11: 24.088771 | FK11: 23.390163 | FL11: 25.652525 | FM11: 25.537018 | FN11: 25.485914 | FO11: 24.08879 | FP11: 24.088771 | FQ11: 24.088783 | FR11: 25.764914 | FS11: 25.764914 | FT11: 24.756641 | FU11: 24.777654 | FV11: 24.689751 | FW11: 25.290289 | FX11: 23.590363 | FY11: 26.32246 | FZ11: 26.296192 | GA11: 24.109287 | GB11: 25.889325 | GC11: 24.168858 | GD11: 24.039604 | GE11: 24.004757 | GF11: 23.185044 | GG11: 22.293346 | GH11: 21.518928 | GI11: 21.592563 | GJ11: 24.006329 | GK11: 25.531385
B12: 43431.188 | C12: 23.727387 | D12: 23.754719 | E12: 23.743777 | F12: 23.727363 | G12: 24.159026 | H12: 25.834511 | I12: 25.902387 | J12: 25.862344 | K12: 24.470939 | L12: 23.816474 | M12: 25.517792 | N12: 24.985831 | O12: 24.093567 | P12: 25.836318 | Q12: 24.280405 | R12: 23.321711 | S12: 23.351212 | T12: 23.860282 | U12: 24.080035 | V12: 23.818465 | W12: 23.736337 | X12: 26.413035 | Y12: 22.845717 | Z12: 24.452171 | AA12: 24.067938 | AB12: 22.339287 | AC12: 23.635148 | AD12: 23.791427 | AE12: 22.50135 | AF12: 25.940383 | AG12: 23.921572 | AH12: 23.051565 | AI12: 23.137236 | AJ12: 25.706765 | AK12: 22.505651 | AL12: 21.098451 | AM12: 24.863006 | AN12: 24.354384 | AO12: 25.008705 | AP12: 24.153086 | AQ12: 23.283872 | AR12: 24.442899 | AS12: 23.849114 | AT12: 24.042213 | AU12: 23.921766 | AV12: 23.911057 | AW12: 23.931033 | AX12: 23.890467 | AY12: 25.717231 | AZ12: 25.774232 | BA12: 25.717031 | BB12: 25.717096 | BC12: 22.096837 | BD12: 24.119589 | BE12: 24.114967 | BF12: 25.400483 | BG12: 22.517664 | BH12: 22.517664 | BI12: 24.380522 | BJ12: 23.013777 | BK12: 24.42724 | BL12: 24.411956 | BM12: 24.411956 | BN12: 24.699601 | BO12: 25.516723 | BP12: 23.756311 | BQ12: 24.329901 | BR12: 24.470822 | BS12: 24.402094 | BT12: =+Cmg_Barra!BT12-Cmg_Cong!BT12 -> 24.42724 | BU12: 23.911057 | BV12: 23.810849 | BW12: 23.929051 | BX12: 24.341561 | BY12: 24.343742 | BZ12: 23.735294 | CA12: 23.084309 | CB12: 23.818465 | CC12: 23.273904 | CD12: 27.546954 | CE12: 22.584053 | CF12: 23.776959 | CG12: 28.003839 | CH12: 23.115571 | CI12: 24.009607 | CJ12: 23.993832 | CK12: 24.405523 | CL12: 25.855697 | CM12: 25.940457 | CN12: 25.507759 | CO12: 25.316954 | CP12: 25.9405 | CQ12: 24.31285 | CR12: 24.411956 | CS12: 24.148038 | CT12: 25.351243 | CU12: 25.369373 | CV12: 24.042218 | CW12: 24.282035 | CX12: 23.593668 | CY12: 24.275877 | CZ12: 23.931033 | DA12: 23.931033 | DB12: 23.943304 | DC12: 25.758487 | DD12: 25.867481 | DE12: 23.191347 | DF12: 21.538137 | DG12: 21.49165 | DH12: 21.670636 | DI12: 24.532228 | DJ12: 23.705406 | DK12: 23.665586 | DL12: 22.854668 | DM12: 27.354026 | DN12: 26.014642 | DO12: 26.014691 | DP12: 25.454457 | DQ12: 25.507759 | DR12: 23.701019 | DS12: 25.725479 | DT12: 23.911057 | DU12: 23.828745 | DV12: 24.05345 | DW12: 22.679289 | DX12: 22.657511 | DY12: 23.252471 | DZ12: 23.414286 | EA12: 22.449191 | EB12: 22.323085 | EC12: 23.862003 | ED12: 23.752488 | EE12: 23.706863 | EF12: 24.902037 | EG12: 22.422815 | EH12: 25.396739 | EI12: 24.124781 | EJ12: 26.21951 | EK12: 24.042213 | EL12: 24.042213 | EM12: 23.35992 | EN12: 24.471998 | EO12: 24.699601 | EP12: 24.699601 | EQ12: 25.270247 | ER12: 25.269805 | ES12: 23.430743 | ET12: 23.430743 | EU12: 25.369697 | EV12: 24.42944 | EW12: 23.322996 | EX12: 24.42724 | EY12: 24.42724 | EZ12: 25.866352 | FA12: 22.838135 | FB12: 25.316954 | FC12: 28.003443 | FD12: 22.606861 | FE12: 28.003443 | FF12: 25.268765 | FG12: 24.140647 | FH12: 25.149518 | FI12: 22.093291 | FJ12: 24.150709 | FK12: 23.46643 | FL12: 25.73083 | FM12: 25.60896 | FN12: 25.555795 | FO12: 24.150728 | FP12: 24.150709 | FQ12: 24.150721 | FR12: 25.800898 | FS12: 25.800898 | FT12: 24.886439 | FU12: 24.907304 | FV12: 24.819277 | FW12: 25.43879 | FX12: 23.634635 | FY12: 26.407649 | FZ12: 26.381018 | GA12: 24.178799 | GB12: 25.951318 | GC12: 24.238385 | GD12: 24.097926 | GE12: 24.060851 | GF12: 23.218497 | GG12: 22.339392 | GH12: 21.565992 | GI12: 21.637975 | GJ12: 24.068168 | GK12: 25.686646
B13: 43431.208 | C13: 23.797262 | D13: 23.825478 | E13: 23.814182 | F13: 23.797238 | G13: 24.21251 | H13: 25.834426 | I13: 25.90777 | J13: 25.864376 | K13: 24.789377 | L13: 23.889145 | M13: 25.491419 | N13: 24.967573 | O13: 24.161589 | P13: 25.840131 | Q13: 24.304851 | R13: 23.385905 | S13: 23.414526 | T13: 23.918643 | U13: 24.108833 | V13: 23.859015 | W13: 23.777418 | X13: 26.390356 | Y13: 22.917243 | Z13: 24.776927 | AA13: 24.099111 | AB13: 22.386856 | AC13: 23.696312 | AD13: 23.854466 | AE13: 22.528793 | AF13: 25.958986 | AG13: 23.979271 | AH13: 23.08573 | AI13: 23.177857 | AJ13: 25.718106 | AK13: 22.538445 | AL13: 21.131356 | AM13: 24.902292 | AN13: 24.399974 | AO13: 25.068905 | AP13: 24.174264 | AQ13: 23.312998 | AR13: 24.522767 | AS13: 23.895873 | AT13: 24.097799 | AU13: 23.968632 | AV13: 23.949134 | AW13: 23.977893 | AX13: 23.937366 | AY13: 25.750832 | AZ13: 25.795171 | BA13: 25.750631 | BB13: 25.750696 | BC13: 22.154474 | BD13: 24.166441 | BE13: 24.161784 | BF13: 25.398877 | BG13: 22.541401 | BH13: 22.541401 | BI13: 24.400034 | BJ13: 23.04992 | BK13: 24.506434 | BL13: 24.750668 | BM13: 24.750668 | BN13: 24.799427 | BO13: 25.533274 | BP13: 23.819257 | BQ13: 24.56133 | BR13: 24.494962 | BS13: 24.425115 | BT13: =+Cmg_Barra!BT13-Cmg_Cong!BT13 -> 24.506434 | BU13: 23.949134 | BV13: 23.848108 | BW13: 24.013948 | BX13: 24.417044 | BY13: 24.41953 | BZ13: 23.770403 | CA13: 23.121294 | CB13: 23.859015 | CC13: 23.419324 | CD13: 27.502434 | CE13: 22.634746 | CF13: 23.818997 | CG13: 27.979794 | CH13: 23.181646 | CI13: 24.026712 | CJ13: 23.999734 | CK13: 24.702818 | CL13: 25.872946 | CM13: 25.959205 | CN13: 25.524093 | CO13: 25.33755 | CP13: 25.959247 | CQ13: 24.651264 | CR13: 24.750668 | CS13: 24.184029 | CT13: 25.34577 | CU13: 25.364894 | CV13: 24.097804 | CW13: 24.338541 | CX13: 23.646215 | CY13: 24.331805 | CZ13: 23.977893 | DA13: 23.977893 | DB13: 23.97524 | DC13: 25.786362 | DD13: 25.903212 | DE13: 23.205116 | DF13: 21.571214 | DG13: 21.52466 | DH13: 21.720325 | DI13: 24.600301 | DJ13: 23.752531 | DK13: 23.720761 | DL13: 22.811152 | DM13: 27.330539 | DN13: 26.027238 | DO13: 26.027287 | DP13: 25.472207 | DQ13: 25.524093 | DR13: 23.757377 | DS13: 25.912014 | DT13: 23.949134 | DU13: 23.866483 | DV13: 24.066135 | DW13: 22.711767 | DX13: 22.695557 | DY13: 23.305035 | DZ13: 23.376445 | EA13: 22.48202 | EB13: 22.365188 | EC13: 23.91002 | ED13: 23.795843 | EE13: 23.748274 | EF13: 24.941934 | EG13: 22.473672 | EH13: 25.565702 | EI13: 24.164851 | EJ13: 26.392964 | EK13: 24.097799 | EL13: 24.097799 | EM13: 23.414886 | EN13: 24.51715 | EO13: 24.799427 | EP13: 24.799427 | EQ13: 25.294766 | ER13: 25.294275 | ES13: 23.396397 | ET13: 23.396397 | EU13: 25.365849 | EV13: 24.451087 | EW13: 23.368365 | EX13: 24.506434 | EY13: 24.506434 | EZ13: 25.8758 | FA13: 22.909611 | FB13: 25.33755 | FC13: 27.979399 | FD13: 22.563094 | FE13: 27.979399 | FF13: 25.293121 | FG13: 24.191804 | FH13: 25.213855 | FI13: 22.134547 | FJ13: 24.18167 | FK13: 23.480925 | FL13: 25.744577 | FM13: 25.620516 | FN13: 25.56663 | FO13: 24.18169 | FP13: 24.18167 | FQ13: 24.181683 | FR13: 26.079813 | FS13: 26.079813 | FT13: 25.056214 | FU13: 25.077401 | FV13: 24.988968 | FW13: 25.616902 | FX13: 23.701395 | FY13: 26.374962 | FZ13: 26.342985 | GA13: 24.26599 | GB13: 25.957281 | GC13: 24.292049 | GD13: 24.107674 | GE13: 24.061094 | GF13: 23.271735 | GG13: 22.397131 | GH13: 21.599984 | GI13: 21.673093 | GJ13: 24.09574 | GK13: 25.872039
B14: 43431.229 | C14: 23.826964 | D14: 23.856836 | E14: 23.844878 | F14: 23.82694 | G14: 24.184556 | H14: 25.625788 | I14: 25.708104 | J14: 25.661449 | K14: 24.47037 | L14: 23.917425 | M14: 25.21441 | N14: 24.714998 | O14: 24.233621 | P14: 25.658755 | Q14: 24.083057 | R14: 23.400298 | S14: 23.429115 | T14: 23.988087 | U14: 24.088314 | V14: 23.858507 | W14: 23.756649 | X14: 26.100253 | Y14: 22.799439 | Z14: 24.448733 | AA14: 24.085599 | AB14: 22.358288 | AC14: 23.788139 | AD14: 23.944223 | AE14: 22.494919 | AF14: 25.75832 | AG14: 24.050011 | AH14: 22.98516 | AI14: 23.070822 | AJ14: 25.494459 | AK14: 22.497566 | AL14: 21.099328 | AM14: 24.668329 | AN14: 24.167443 | AO14: 24.811311 | AP14: 24.165588 | AQ14: 23.323641 | AR14: 24.635876 | AS14: 23.860226 | AT14: 24.062163 | AU14: 23.932853 | AV14: 23.909615 | AW14: 23.942069 | AX14: 23.901762 | AY14: 25.514713 | AZ14: 25.560645 | BA14: 25.514513 | BB14: 25.514578 | BC14: 22.118193 | BD14: 24.199761 | BE14: 24.191332 | BF14: 25.12748 | BG14: 22.511938 | BH14: 22.511938 | BI14: 24.214907 | BJ14: 23.074958 | BK14: 24.617544 | BL14: 24.405575 | BM14: 24.405575 | BN14: 24.892568 | BO14: 25.348055 | BP14: 23.908881 | BQ14: 24.322431 | BR14: 24.264277 | BS14: 24.195774 | BT14: =+Cmg_Barra!BT14-Cmg_Cong!BT14 -> 24.617544 | BU14: 23.909615 | BV14: 23.809274 | BW14: 24.150401 | BX14: 24.517174 | BY14: 24.521439 | BZ14: 23.77586 | CA14: 23.148203 | CB14: 23.858507 | CC14: 23.238201 | CD14: 27.416401 | CE14: 22.642568 | CF14: 23.781245 | CG14: 27.672219 | CH14: 23.089567 | CI14: 23.958524 | CJ14: 23.926063 | CK14: 24.387172 | CL14: 25.670572 | CM14: 25.757619 | CN14: 25.329022 | CO14: 25.14442 | CP14: 25.757662 | CQ14: 24.305356 | CR14: 24.405575 | CS14: 24.16633 | CT14: 25.107633 | CU14: 25.124768 | CV14: 24.062168 | CW14: 24.392139 | CX14: 23.707941 | CY14: 24.384123 | CZ14: 23.942069 | DA14: 23.942069 | DB14: 23.973792 | DC14: 25.59983 | DD14: 25.721844 | DE14: 23.024115 | DF14: 21.531012 | DG14: 21.483798 | DH14: 21.727261 | DI14: 24.446827 | DJ14: 23.767901 | DK14: 23.737303 | DL14: 22.567461 | DM14: 27.030101 | DN14: 25.786251 | DO14: 25.7863 | DP14: 25.278078 | DQ14: 25.329022 | DR14: 23.783469 | DS14: 26.252895 | DT14: 23.909615 | DU14: 23.827554 | DV14: 24.066918 | DW14: 22.669963 | DX14: 22.658085 | DY14: 23.249488 | DZ14: 23.303319 | EA14: 22.460308 | EB14: 22.340789 | EC14: 23.92799 | ED14: 23.808463 | EE14: 23.758663 | EF14: 24.970962 | EG14: 22.479345 | EH14: 25.86008 | EI14: 24.146795 | EJ14: 26.708852 | EK14: 24.062163 | EL14: 24.062163 | EM14: 23.358323 | EN14: 24.374856 | EO14: 24.892568 | EP14: 24.892568 | EQ14: 25.114056 | ER14: 25.113576 | ES14: 23.14337 | ET14: 23.14337 | EU14: 25.138844 | EV14: 24.218308 | EW14: 23.421136 | EX14: 24.617544 | EY14: 24.617544 | EZ14: 25.637902 | FA14: 22.791819 | FB14: 25.14442 | FC14: 27.671828 | FD14: 22.322439 | FE14: 27.671828 | FF14: 25.112447 | FG14: 24.166651 | FH14: 25.06221 | FI14: 22.107278 | FJ14: 24.166434 | FK14: 23.294756 | FL14: 25.510243 | FM14: 25.39797 | FN14: 25.34304 | FO14: 24.166453 | FP14: 24.166434 | FQ14: 24.166446 | FR14: 26.54385 | FS14: 26.54385 | FT14: 25.354199 | FU14: 25.375366 | FV14: 25.287362 | FW14: 25.934723 | FX14: 23.723374 | FY14: 26.068712 | FZ14: 26.043843 | GA14: 24.320505 | GB14: 25.764396 | GC14: 24.3408 | GD14: 24.104083 | GE14: 24.061004 | GF14: 23.279167 | GG14: 22.358867 | GH14: 21.580617 | GI14: 21.652362 | GJ14: 24.084845 | GK14: 26.209792
B15: 43431.25 | C15: 23.812149 | D15: 23.842484 | E15: 23.830341 | F15: 23.812126 | G15: 24.214928 | H15: 25.675498 | I15: 25.756437 | J15: 25.710108 | K15: 24.774768 | L15: 23.89983 | M15: 25.265556 | N15: 24.737433 | O15: 24.249734 | P15: 25.706626 | Q15: 24.191267 | R15: 23.317609 | S15: 23.349366 | T15: 24.000447 | U15: 24.10173 | V15: 23.871309 | W15: 23.777296 | X15: 26.168533 | Y15: 22.883154 | Z15: 24.734507 | AA15: 24.093031 | AB15: 22.357184 | AC15: 23.81472 | AD15: 23.971614 | AE15: 22.492706 | AF15: 25.800322 | AG15: 24.061887 | AH15: 23.063807 | AI15: 23.148565 | AJ15: 25.555199 | AK15: 22.496096 | AL15: 21.081026 | AM15: 24.735919 | AN15: 24.209852 | AO15: 24.834961 | AP15: 24.173163 | AQ15: 23.312126 | AR15: 24.698238 | AS15: 23.886961 | AT15: 24.094645 | AU15: 23.959582 | AV15: 23.932062 | AW15: 23.968858 | AX15: 23.928244 | AY15: 25.605886 | AZ15: 25.643229 | BA15: 25.605686 | BB15: 25.605751 | BC15: 22.160799 | BD15: 24.209627 | BE15: 24.203788 | BF15: 25.231637 | BG15: 22.511085 | BH15: 22.511085 | BI15: 24.279675 | BJ15: 23.055017 | BK15: 24.676933 | BL15: 24.676871 | BM15: 24.676871 | BN15: 24.895128 | BO15: 25.383173 | BP15: 23.936232 | BQ15: 24.491844 | BR15: 24.394096 | BS15: 24.314247 | BT15: =+Cmg_Barra!BT15-Cmg_Cong!BT15 -> 24.676933 | BU15: 23.932062 | BV15: 23.831118 | BW15: 24.198238 | BX15: 24.560235 | BY15: 24.564445 | BZ15: 23.766619 | CA15: 23.130839 | CB15: 23.871309 | CC15: 23.374857 | CD15: 27.311239 | CE15: 22.618452 | CF15: 23.723459 | CG15: 27.744611 | CH15: 23.132002 | CI15: 23.972061 | CJ15: 23.939129 | CK15: 24.625056 | CL15: 25.712146 | CM15: 25.799573 | CN15: 25.370983 | CO15: 25.196113 | CP15: 25.799615 | CQ15: 24.578115 | CR15: 24.676871 | CS15: 24.185818 | CT15: 25.142493 | CU15: 25.161627 | CV15: 24.09465 | CW15: 24.419892 | CX15: 23.710772 | CY15: 24.4108 | CZ15: 23.968858 | DA15: 23.968858 | DB15: 23.966815 | DC15: 25.641261 | DD15: 25.763073 | DE15: 23.094979 | DF15: 21.532505 | DG15: 21.485293 | DH15: 21.709573 | DI15: 24.507925 | DJ15: 23.782518 | DK15: 23.751956 | DL15: 22.571177 | DM15: 27.100813 | DN15: 25.820269 | DO15: 25.820317 | DP15: 25.31982 | DQ15: 25.370983 | DR15: 23.838016 | DS15: 26.548625 | DT15: 23.932062 | DU15: 23.849772 | DV15: 24.062803 | DW15: 22.668573 | DX15: 22.659917 | DY15: 23.287441 | DZ15: 23.213933 | EA15: 22.439841 | EB15: 22.328894 | EC15: 23.898888 | ED15: 23.792828 | EE15: 23.748643 | EF15: 24.952231 | EG15: 22.454902 | EH15: 26.102934 | EI15: 24.164391 | EJ15: 26.961905 | EK15: 24.094645 | EL15: 24.094645 | EM15: 23.396845 | EN15: 24.430998 | EO15: 24.895128 | EP15: 24.895128 | EQ15: 25.164854 | ER15: 25.164499 | ES15: 23.172653 | ET15: 23.172653 | EU15: 25.168211 | EV15: 24.336093 | EW15: 23.420742 | EX15: 24.676933 | EY15: 24.676933 | EZ15: 25.666121 | FA15: 22.875465 | FB15: 25.196113 | FC15: 27.744219 | FD15: 22.32066 | FE15: 27.744219 | FF15: 25.163664 | FG15: 24.199875 | FH15: 25.112587 | FI15: 22.106734 | FJ15: 24.181363 | FK15: 23.366152 | FL15: 25.582068 | FM15: 25.468729 | FN15: 25.415843 | FO15: 24.181383 | FP15: 24.181363 | FQ15: 24.181376 | FR15: 26.679782 | FS15: 26.679782 | FT15: 25.60529 | FU15: 25.628592 | FV15: 25.538212 | FW15: 26.214123 | FX15: 23.705455 | FY15: 26.140657 | FZ15: 26.116673 | GA15: 24.302333 | GB15: 25.810796 | GC15: 24.363593 | GD15: 24.106279 | GE15: 24.061059 | GF15: 23.260215 | GG15: 22.403546 | GH15: 21.592666 | GI15: 21.662437 | GJ15: 24.089904 | GK15: 26.503308
B16: 43431.271 | C16: 24.245367 | D16: 24.279064 | E16: 24.265576 | F16: 24.245343 | G16: 24.643854 | H16: 25.953565 | I16: 26.046712 | J16: 25.992706 | K16: 24.893256 | L16: 24.348255 | M16: 25.583491 | N16: 25.101559 | O16: 24.66523 | P16: 26.005353 | Q16: 24.577349 | R16: 23.64368 | S16: 23.67796 | T16: 24.375108 | U16: 24.509305 | V16: 24.250277 | W16: 24.190912 | X16: 26.367224 | Y16: 23.192293 | Z16: 24.86743 | AA16: 24.500618 | AB16: 22.71889 | AC16: 24.200016 | AD16: 24.361137 | AE16: 22.877414 | AF16: 26.102417 | AG16: 24.436667 | AH16: 23.357111 | AI16: 23.445349 | AJ16: 25.797151 | AK16: 22.888949 | AL16: 21.360168 | AM16: 24.990911 | AN16: 24.473106 | AO16: 25.065925 | AP16: 24.58976 | AQ16: 23.692619 | AR16: 25.121407 | AS16: 24.279732 | AT16: 24.502046 | AU16: 24.353622 | AV16: 24.318411 | AW16: 24.363463 | AX16: 24.320062 | AY16: 25.858523 | AZ16: 25.831027 | BA16: 25.858319 | BB16: 25.858385 | BC16: 23.323298 | BD16: 24.602679 | BE16: 24.60099 | BF16: 25.545694 | BG16: 22.893386 | BH16: 22.893386 | BI16: 24.592392 | BJ16: 23.355076 | BK16: 25.100026 | BL16: 24.801475 | BM16: 24.801475 | BN16: 25.450994 | BO16: 25.686529 | BP16: 24.32518 | BQ16: 24.74216 | BR16: 24.808324 | BS16: 24.710693 | BT16: =+Cmg_Barra!BT16-Cmg_Cong!BT16 -> 25.100026 | BU16: 24.318411 | BV16: 24.216091 | BW16: 24.664903 | BX16: 24.982897 | BY16: 24.988524 | BZ16: 24.156563 | CA16: 23.43437 | CB16: 24.250277 | CC16: 23.642882 | CD16: 27.728145 | CE16: 23.025294 | CF16: 24.081331 | CG16: 27.955269 | CH16: 23.463362 | CI16: 24.330565 | CJ16: 24.295502 | CK16: 24.817011 | CL16: 26.012857 | CM16: 26.100481 | CN16: 25.662536 | CO16: 25.478395 | CP16: 26.100524 | CQ16: 24.71265 | CR16: 24.801475 | CS16: 24.611368 | CT16: 25.510654 | CU16: 25.532182 | CV16: 24.502051 | CW16: 24.828135 | CX16: 24.042143 | CY16: 24.819179 | CZ16: 24.363463 | DA16: 24.363463 | DB16: 24.368695 | DC16: 25.964876 | DD16: 26.105073 | DE16: 23.416038 | DF16: 21.913253 | DG16: 21.865975 | DH16: 22.054375 | DI16: 24.813582 | DJ16: 24.148509 | DK16: 24.114601 | DL16: 22.99693 | DM16: 27.306583 | DN16: 26.119943 | DO16: 26.119993 | DP16: 25.610182 | DQ16: 25.662536 | DR16: 24.250277 | DS16: 26.989011 | DT16: 24.318411 | DU16: 24.235217 | DV16: 24.475873 | DW16: 23.063545 | DX16: 23.053153 | DY16: 23.76939 | DZ16: 23.568294 | EA16: 22.781482 | EB16: 22.675315 | EC16: 24.27098 | ED16: 24.171791 | EE16: 24.13047 | EF16: 25.279663 | EG16: 22.854107 | EH16: 26.543337 | EI16: 24.579705 | EJ16: 27.414386 | EK16: 24.382789 | EL16: 24.382789 | EM16: 23.846611 | EN16: 24.737352 | EO16: 25.450994 | EP16: 25.450994 | EQ16: 25.454433 | ER16: 25.453934 | ES16: 23.696595 | ET16: 23.696595 | EU16: 25.530759 | EV16: 24.728162 | EW16: 23.703341 | EX16: 25.100026 | EY16: 25.100026 | EZ16: 25.928877 | FA16: 23.184493 | FB16: 25.478395 | FC16: 27.954874 | FD16: 22.707321 | FE16: 27.954874 | FF16: 25.452763 | FG16: 24.635207 | FH16: 25.457689 | FI16: 22.461811 | FJ16: 24.603656 | FK16: 23.685908 | FL16: 25.720587 | FM16: 25.707635 | FN16: 25.658839 | FO16: 24.603676 | FP16: 24.603656 | FQ16: 24.603669 | FR16: 27.233614 | FS16: 27.233614 | FT16: 26.03778 | FU16: 26.061863 | FV16: 25.969415 | FW16: 26.641525 | FX16: 24.128522 | FY16: 26.387835 | FZ16: 26.364829 | GA16: 24.807446 | GB16: 26.106209 | GC16: 24.769955 | GD16: 24.512884 | GE16: 24.46099 | GF16: 23.629645 | GG16: 23.394504 | GH16: 21.93309 | GI16: 22.00487 | GJ16: 24.497688 | GK16: 26.941935
B17: 43431.292 | C17: 23.969026 | D17: 24.00412 | E17: 23.990073 | F17: 23.969002 | G17: 24.336245 | H17: 25.667032 | I17: 25.753872 | J17: 25.702256 | K17: 24.563527 | L17: 24.07741 | M17: 25.347146 | N17: 24.875173 | O17: 24.415917 | P17: 25.725897 | Q17: 24.386117 | R17: 23.392637 | S17: 23.425839 | T17: 24.119029 | U17: 24.226899 | V17: 23.96642 | W17: 23.910882 | X17: 26.142945 | Y17: 22.958277 | Z17: 24.537634 | AA17: 24.220816 | AB17: 22.442801 | AC17: 23.955536 | AD17: 24.112161 | AE17: 22.607735 | AF17: 25.809242 | AG17: 24.179085 | AH17: 23.154053 | AI17: 23.234165 | AJ17: 25.584133 | AK17: 22.619502 | AL17: 21.120784 | AM17: 24.822015 | AN17: 24.308357 | AO17: 24.89856 | AP17: 24.309399 | AQ17: 23.437477 | AR17: 24.87138 | AS17: 23.957502 | AT17: 24.179777 | AU17: 24.030522 | AV17: 24.024822 | AW17: 24.042925 | AX17: 23.986241 | AY17: 25.681822 | AZ17: 25.652319 | BA17: 25.681621 | BB17: 25.681686 | BC17: 23.054644 | BD17: 24.335874 | BE17: 24.332363 | BF17: 25.320483 | BG17: 22.62165 | BH17: 22.62165 | BI17: 24.36074 | BJ17: 23.114177 | BK17: 24.849655 | BL17: 24.466078 | BM17: 24.466078 | BN17: 25.222982 | BO17: 25.420566 | BP17: 24.076571 | BQ17: 24.402133 | BR17: 24.619215 | BS17: 24.519937 | BT17: =+Cmg_Barra!BT17-Cmg_Cong!BT17 -> 24.849655 | BU17: 24.024822 | BV17: 23.923393 | BW17: 24.437115 | BX17: 24.730638 | BY17: 24.737179 | BZ17: 23.887649 | CA17: 23.191111 | CB17: 23.96642 | CC17: 23.380905 | CD17: 27.33692 | CE17: 22.751913 | CF17: 23.832541 | CG17: 27.717482 | CH17: 23.22845 | CI17: 24.066193 | CJ17: 24.03606 | CK17: 24.506629 | CL17: 25.72508 | CM17: 25.809385 | CN17: 25.409116 | CO17: =+Cmg_Barra!CO17-Cmg_Cong!CO17 -> 25.236845 | CP17: 25.809427 | CQ17: 24.383506 | CR17: 24.466078 | CS17: 24.324248 | CT17: 25.266079 | CU17: 25.288356 | CV17: 24.179782 | CW17: 24.562366 | CX17: 23.788908 | CY17: 24.553415 | CZ17: 24.042925 | DA17: 24.042925 | DB17: 24.09605 | DC17: 25.694721 | DD17: 25.82917 | DE17: 23.235914 | DF17: 21.65764 | DG17: 21.610919 | DH17: 21.77116 | DI17: 24.570075 | DJ17: 23.862536 | DK17: 23.82392 | DL17: 22.829092 | DM17: 27.074314 | DN17: 25.851066 | DO17: 25.851115 | DP17: 25.360383 | DQ17: 25.409116 | DR17: 23.96642 | DS17: 26.725704 | DT17: 24.024822 | DU17: 23.942598 | DV17: 24.20035 | DW17: 22.79147 | DX17: 22.779327 | DY17: 23.49771 | DZ17: 23.235762 | EA17: 22.500643 | EB17: 22.400513 | EC17: 24.000274 | ED17: 23.900753 | EE17: 23.859294 | EF17: 25.017249 | EG17: 22.582927 | EH17: 26.285964 | EI17: 24.289657 | EJ17: 27.149934 | EK17: 23.955644 | EL17: 23.955644 | EM17: 23.571262 | EN17: 24.494206 | EO17: 25.222982 | EP17: 25.222982 | EQ17: 25.209963 | ER17: 25.20947 | ES17: 23.540581 | ET17: 23.540581 | EU17: 25.278965 | EV17: 24.536809 | EW17: 23.454302 | EX17: 24.849655 | EY17: 24.849655 | EZ17: 25.690884 | FA17: 22.950572 | FB17: =+Cmg_Barra!FB17-Cmg_Cong!FB17 -> 25.236845 | FC17: 27.71709 | FD17: 22.529405 | FE17: 27.71709 | FF17: 25.208312 | FG17: 24.338385 | FH17: 25.192999 | FI17: 22.190136 | FJ17: 24.319766 | FK17: 23.498568 | FL17: 25.541172 | FM17: 25.498672 | FN17: 25.453467 | FO17: 24.319785 | FP17: 24.319766 | FQ17: 24.319778 | FR17: 26.863609 | FS17: 26.863609 | FT17: 25.792205 | FU17: 25.816621 | FV17: 25.724957 | FW17: 26.383189 | FX17: 23.84753 | FY17: 26.136484 | FZ17: 26.112281 | GA17: 24.565705 | GB17: 25.80595 | GC17: 24.505016 | GD17: 24.233899 | GE17: 24.182679 | GF17: 23.326201 | GG17: 23.12544 | GH17: 21.664585 | GI17: 21.73617 | GJ17: 24.218115 | GK17: 26.679301
B18: 43431.313 | C18: 24.603581 | D18: 24.64481 | E18: 24.628309 | F18: 24.603557 | G18: 24.905314 | H18: 26.048412 | I18: 26.144452 | J18: 26.08572 | K18: 25.400355 | L18: 24.692212 | M18: 25.782431 | N18: 25.285356 | O18: 25.001773 | P18: 26.133115 | Q18: 24.810145 | R18: 23.971814 | S18: 24.004572 | T18: 24.67995 | U18: 24.776332 | V18: 24.494697 | W18: 24.44182 | X18: 26.662024 | Y18: 23.421823 | Z18: 25.384465 | AA18: 24.776961 | AB18: 22.94359 | AC18: 24.517362 | AD18: 24.678747 | AE18: 23.109701 | AF18: 26.242882 | AG18: 24.741106 | AH18: 23.587878 | AI18: 23.681102 | AJ18: 26.014865 | AK18: 23.124086 | AL18: 21.577817 | AM18: 25.301976 | AN18: 24.750665 | AO18: 25.407581 | AP18: 24.871667 | AQ18: 23.981142 | AR18: 25.455838 | AS18: 24.508928 | AT18: 24.741815 | AU18: 24.583577 | AV18: 24.570678 | AW18: 24.596274 | AX18: 24.538237 | AY18: 26.20709 | AZ18: 26.199254 | BA18: 26.206885 | BB18: 26.206952 | BC18: 23.54915 | BD18: 24.897141 | BE18: 24.893669 | BF18: 25.779128 | BG18: 23.123922 | BH18: 23.123922 | BI18: 24.776684 | BJ18: 23.641029 | BK18: 25.431432 | BL18: 25.322723 | BM18: 25.322723 | BN18: 26.077373 | BO18: 25.851481 | BP18: 24.642321 | BQ18: 25.150387 | BR18: 25.050944 | BS18: 24.949533 | BT18: =+Cmg_Barra!BT18-Cmg_Cong!BT18 -> 25.431432 | BU18: 24.570678 | BV18: 24.466931 | BW18: 24.992694 | BX18: 25.297706 | BY18: 25.305039 | BZ18: 24.441851 | CA18: 23.720287 | CB18: 24.494697 | CC18: 23.969059 | CD18: 27.96485 | CE18: 23.259639 | CF18: 24.338546 | CG18: 28.267824 | CH18: 23.704713 | CI18: 24.569762 | CJ18: 24.527685 | CK18: 25.31715 | CL18: 26.154033 | CM18: 26.242988 | CN18: 25.842485 | CO18: =+Cmg_Barra!CO18-Cmg_Cong!CO18 -> 25.734511 | CP18: 26.243031 | CQ18: 25.234229 | CR18: 25.322723 | CS18: 24.889434 | CT18: 25.68861 | CU18: 25.712394 | CV18: 24.74182 | CW18: 25.132631 | CX18: 24.340511 | CY18: 25.123597 | CZ18: 24.596274 | DA18: 24.596274 | DB18: 24.654845 | DC18: 26.143524 | DD18: 26.292418 | DE18: 23.625661 | DF18: 22.138916 | DG18: 22.091153 | DH18: 22.285707 | DI18: 25.097453 | DJ18: 24.384742 | DK18: 24.342956 | DL18: 23.26946 | DM18: 27.611885 | DN18: 26.218326 | DO18: 26.218376 | DP18: 25.800068 | DQ18: 25.842485 | DR18: 24.494697 | DS18: 27.367525 | DT18: 24.570678 | DU18: 24.486091 | DV18: 24.764008 | DW18: 23.300347 | DX18: 23.287874 | DY18: 24.011669 | DZ18: 23.769488 | EA18: 23.01463 | EB18: 22.906465 | EC18: 24.571451 | ED18: 24.460953 | EE18: 24.414918 | EF18: 25.588094 | EG18: 23.086698 | EH18: 26.91954 | EI18: 24.857961 | EJ18: 27.811313 | EK18: 24.389189 | EL18: 24.389189 | EM18: 24.089398 | EN18: 25.000399 | EO18: 26.077373 | EP18: 26.077373 | EQ18: 25.708001 | ER18: 25.707559 | ES18: 24.121894 | ET18: 24.121894 | EU18: 25.702423 | EV18: 24.968325 | EW18: 23.998071 | EX18: 25.431432 | EY18: 25.431432 | EZ18: 26.039409 | FA18: 23.413987 | FB18: =+Cmg_Barra!FB18-Cmg_Cong!FB18 -> 25.734511 | FC18: 28.267424 | FD18: 22.90567 | FE18: 28.267424 | FF18: 25.70652 | FG18: 24.908635 | FH18: 25.686095 | FI18: 22.690731 | FJ18: 24.883283 | FK18: 23.893827 | FL18: 26.098998 | FM18: 25.959048 | FN18: 25.904142 | FO18: 24.883303 | FP18: 24.883283 | FQ18: 24.883296 | FR18: 27.604526 | FS18: 27.604526 | FT18: 26.414914 | FU18: 26.440246 | FV18: 26.345981 | FW18: 27.019097 | FX18: 24.45879 | FY18: 26.609322 | FZ18: 26.579495 | GA18: 25.197592 | GB18: 26.199113 | GC18: 25.073895 | GD18: 24.794602 | GE18: 24.742346 | GF18: 23.877501 | GG18: 23.620943 | GH18: 22.164488 | GI18: 22.235729 | GJ18: 24.775338 | GK18: 27.320321
B19: 43431.333 | C19: 25.912041 | D19: 25.957084 | E19: 25.939057 | F19: 25.912016 | G19: 25.697191 | H19: 26.929079 | I19: 27.033436 | J19: 26.973188 | K19: 26.252653 | L19: 26.009154 | M19: 26.607557 | N19: 26.075744 | O19: 26.023929 | P19: 26.984927 | Q19: 25.615153 | R19: 24.865272 | S19: 24.901793 | T19: 25.644455 | U19: 25.571297 | V19: 25.217645 | W19: 25.223973 | X19: 27.566992 | Y19: 24.181539 | Z19: 26.218577 | AA19: 25.576474 | AB19: 24.203608 | AC19: 25.463138 | AD19: 25.63326 | AE19: 24.218039 | AF19: 27.085807 | AG19: 25.70386 | AH19: 24.337782 | AI19: 24.436861 | AJ19: 26.892402 | AK19: 24.187218 | AL19: 23.340535 | AM19: 26.392433 | AN19: 26.049126 | AO19: 26.285236 | AP19: 25.685772 | AQ19: 24.859895 | AR19: 26.430969 | AS19: 25.244407 | AT19: 25.507128 | AU19: 25.32249 | AV19: 25.33432 | AW19: 25.339492 | AX19: 25.259615 | AY19: 27.107408 | AZ19: 27.086425 | BA19: 27.107193 | BB19: 27.107263 | BC19: 24.416272 | BD19: 25.796214 | BE19: 25.785875 | BF19: 26.630443 | BG19: 24.233489 | BH19: 24.233489 | BI19: 25.597114 | BJ19: 24.548989 | BK19: 26.400957 | BL19: 26.131912 | BM19: 26.131912 | BN19: 27.528659 | BO19: 26.685549 | BP19: 25.595425 | BQ19: 25.941396 | BR19: 25.873597 | BS19: 25.763612 | BT19: =+Cmg_Barra!BT19-Cmg_Cong!BT19 -> 26.400957 | BU19: 25.33432 | BV19: 25.224909 | BW19: 25.907899 | BX19: 26.236442 | BY19: 26.244503 | BZ19: 25.346862 | CA19: 24.63372 | CB19: 25.217645 | CC19: 24.740865 | CD19: 29.298741 | CE19: 24.663401 | CF19: 25.085234 | CG19: 29.227297 | CH19: 24.460491 | CI19: 25.306615 | CJ19: 25.249714 | CK19: 26.121084 | CL19: 26.983632 | CM19: 27.086234 | CN19: 26.678178 | CO19: =+Cmg_Barra!CO19-Cmg_Cong!CO19 -> 26.561651 | CP19: 27.086279 | CQ19: 26.040088 | CR19: 26.131912 | CS19: 25.697203 | CT19: 26.500815 | CU19: 26.525702 | CV19: 25.507133 | CW19: 26.047985 | CX19: 25.312433 | CY19: 26.038178 | CZ19: 25.339492 | DA19: 25.339492 | DB19: 25.51526 | DC19: 26.9872 | DD19: 27.1377 | DE19: 24.383782 | DF19: 23.016996 | DG19: 22.917023 | DH19: 23.445957 | DI19: 25.886412 | DJ19: 25.063679 | DK19: 25.007918 | DL19: 23.949552 | DM19: 28.549094 | DN19: 27.056376 | DO19: 27.056428 | DP19: 26.631084 | DQ19: 26.678178 | DR19: 25.217645 | DS19: 28.54691 | DT19: 25.33432 | DU19: 25.246159 | DV19: 25.563286 | DW19: 24.401276 | DX19: 24.421217 | DY19: 24.890119 | DZ19: 24.903265 | EA19: 24.399806 | EB19: 24.256979 | EC19: 25.533572 | ED19: 25.428992 | EE19: 25.385426 | EF19: 26.573453 | EG19: 24.4822 | EH19: 28.077993 | EI19: 25.648828 | EJ19: 29.090422 | EK19: 25.156379 | EL19: 25.156379 | EM19: 24.97907 | EN19: 25.791822 | EO19: 27.528659 | EP19: 27.528659 | EQ19: 26.516749 | ER19: 26.516461 | ES19: 24.950567 | ET19: 24.950567 | EU19: 26.518131 | EV19: 25.782493 | EW19: 24.974899 | EX19: 26.400957 | EY19: 26.400957 | EZ19: 26.882688 | FA19: 24.173277 | FB19: =+Cmg_Barra!FB19-Cmg_Cong!FB19 -> 26.561651 | FC19: 29.226883 | FD19: 23.54361 | FE19: 29.226883 | FF19: 26.515783 | FG19: 25.711779 | FH19: 26.451692 | FI19: 23.939441 | FJ19: 25.692624 | FK19: 24.66313 | FL19: 26.975144 | FM19: 26.830295 | FN19: 26.773506 | FO19: 25.692645 | FP19: 25.692624 | FQ19: 25.692637 | FR19: 28.858997 | FS19: 28.858997 | FT19: 27.582465 | FU19: 27.609171 | FV19: 27.513809 | FW19: 28.181904 | FX19: 25.758271 | FY19: 27.507431 | FZ19: 27.471649 | GA19: 26.534514 | GB19: 27.096166 | GC19: 25.98455 | GD19: 25.585876 | GE19: 25.531466 | GF19: 25.120623 | GG19: 24.491845 | GH19: 23.381773 | GI19: 23.457516 | GJ19: 25.576034 | GK19: 28.497461
B20: 43431.354 | C20: 23.693914 | D20: 23.736974 | E20: 23.719741 | F20: 23.693891 | G20: 23.76864 | H20: 24.699522 | I20: 24.797448 | J20: 24.743058 | K20: 24.076838 | L20: 23.804838 | M20: 24.540357 | N20: 23.989017 | O20: 24.131676 | P20: 24.767714 | Q20: 23.732542 | R20: 23.124605 | S20: 23.145995 | T20: 23.77087 | U20: 23.660236 | V20: 23.425421 | W20: 23.332974 | X20: 25.455585 | Y20: 22.394333 | Z20: 24.023144 | AA20: 23.660935 | AB20: 21.934045 | AC20: 23.62179 | AD20: 23.775396 | AE20: 22.047999 | AF20: 24.852369 | AG20: 23.824683 | AH20: 22.641753 | AI20: 22.700993 | AJ20: 24.75949 | AK20: 22.063278 | AL20: 20.654576 | AM20: 24.362482 | AN20: 24.066511 | AO20: 24.406044 | AP20: 23.778675 | AQ20: 22.869589 | AR20: 24.519755 | AS20: 23.270489 | AT20: 23.560735 | AU20: 23.341713 | AV20: 23.390504 | AW20: 23.364034 | AX20: 23.256052 | AY20: 24.998107 | AZ20: 24.971726 | BA20: 24.997911 | BB20: 24.997974 | BC20: 22.422044 | BD20: 23.871454 | BE20: 23.8623 | BF20: 24.685434 | BG20: 22.064177 | BH20: 22.064177 | BI20: 23.66699 | BJ20: 22.882493 | BK20: 24.490618 | BL20: 23.904706 | BM20: 23.904706 | BN20: 25.242721 | BO20: 24.500786 | BP20: 23.98992 | BQ20: 23.818368 | BR20: 23.983238 | BS20: 23.877271 | BT20: =+Cmg_Barra!BT20-Cmg_Cong!BT20 -> 24.490618 | BU20: 23.390504 | BV20: 23.29126 | BW20: 24.056312 | BX20: 24.33091 | BY20: 24.339331 | BZ20: 23.29826 | CA20: 22.946501 | CB20: 23.425421 | CC20: 22.835012 | CD20: 23.80237 | CE20: 22.295916 | CF20: 23.215644 | CG20: 26.875109 | CH20: 22.65075 | CI20: 23.425234 | CJ20: 23.376214 | CK20: 23.926046 | CL20: 24.764085 | CM20: 24.853228 | CN20: 24.495959 | CO20: =+Cmg_Barra!CO20-Cmg_Cong!CO20 -> 24.423003 | CP20: 24.853269 | CQ20: 23.819441 | CR20: 23.904706 | CS20: 23.78698 | CT20: 24.35939 | CU20: 24.383035 | CV20: 23.56074 | CW20: 24.128368 | CX20: 23.461537 | CY20: 24.117875 | CZ20: 23.364034 | DA20: 23.364034 | DB20: 23.531103 | DC20: 24.76512 | DD20: 24.898183 | DE20: 22.588828 | DF20: 21.118524 | DG20: 21.072951 | DH20: 21.436383 | DI20: 23.867042 | DJ20: 23.342464 | DK20: 23.313023 | DL20: 22.048348 | DM20: 26.671248 | DN20: 24.892328 | DO20: 24.892376 | DP20: 24.453279 | DQ20: 24.495959 | DR20: 23.425421 | DS20: 26.592046 | DT20: 23.390504 | DU20: 23.310114 | DV20: 26.443341 | DW20: 22.23221 | DX20: 22.230851 | DY20: 22.84653 | DZ20: 22.658195 | EA20: 22.041267 | EB20: 21.922285 | EC20: 23.516603 | ED20: 23.390728 | EE20: 23.338279 | EF20: 24.285067 | EG20: 22.130512 | EH20: 26.128889 | EI20: 23.702797 | EJ20: 26.944357 | EK20: 23.449111 | EL20: 23.449111 | EM20: 22.88234 | EN20: 23.794194 | EO20: 25.24272 | EP20: 25.242721 | EQ20: 24.402136 | ER20: 24.401809 | ES20: 23.015395 | ET20: 23.015395 | EU20: 24.369569 | EV20: 23.896471 | EW20: 23.152025 | EX20: 24.490618 | EY20: 24.490618 | EZ20: 24.737639 | FA20: 22.38687 | FB20: =+Cmg_Barra!FB20-Cmg_Cong!FB20 -> 24.423003 | FC20: 26.823582 | FD20: 21.661177 | FE20: 26.823582 | FF20: 24.401039 | FG20: 23.799869 | FH20: 24.396991 | FI20: 21.694456 | FJ20: 23.782973 | FK20: 22.842532 | FL20: 24.860163 | FM20: 24.706044 | FN20: 24.65408 | FO20: 23.782992 | FP20: 23.782973 | FQ20: 23.782985 | FR20: 26.935262 | FS20: 26.935262 | FT20: 25.650502 | FU20: 25.674425 | FV20: 25.585206 | FW20: 26.246882 | FX20: 23.544221 | FY20: 25.483406 | FZ20: 25.455307 | GA20: 24.399588 | GB20: 24.854478 | GC20: 24.066632 | GD20: 23.685956 | GE20: 23.636235 | GF20: 22.930573 | GG20: 22.491398 | GH20: 21.197797 | GI20: 21.264961 | GJ20: 23.66372 | GK20: 26.545284
B21: 43431.375 | C21: 23.90685 | D21: 23.951809 | E21: 23.933817 | F21: 23.906827 | G21: 23.993936 | H21: 24.765707 | I21: 24.921405 | J21: 24.853716 | K21: 24.550315 | L21: 24.031385 | M21: 24.782024 | N21: 24.231609 | O21: 24.308465 | P21: 24.9651 | Q21: 23.987989 | R21: 23.182137 | S21: 23.209484 | T21: 23.914792 | U21: 23.867208 | V21: 23.59658 | W21: 23.502111 | X21: 25.697003 | Y21: 22.656398 | Z21: 24.520765 | AA21: 23.876578 | AB21: 22.106395 | AC21: 23.781567 | AD21: 23.93633 | AE21: 22.209074 | AF21: 25.071115 | AG21: 23.968733 | AH21: 22.897939 | AI21: 22.956556 | AJ21: 24.978681 | AK21: 22.21722 | AL21: 20.843868 | AM21: 24.619581 | AN21: 24.317485 | AO21: 24.735169 | AP21: 23.998391 | AQ21: 23.05924 | AR21: 24.706839 | AS21: 23.476452 | AT21: 23.7795 | AU21: 23.56871 | AV21: 23.610553 | AW21: 23.590193 | AX21: 23.488605 | AY21: 25.263566 | AZ21: 25.218851 | BA21: 25.263368 | BB21: 25.263433 | BC21: 21.997157 | BD21: 24.052535 | BE21: 24.045858 | BF21: 24.92801 | BG21: 22.225159 | BH21: 22.225159 | BI21: 23.936022 | BJ21: 22.927725 | BK21: 24.676449 | BL21: 24.440667 | BM21: 24.440667 | BN21: 25.520425 | BO21: 24.716109 | BP21: 24.153428 | BQ21: 24.234224 | BR21: 24.23829 | BS21: 24.131136 | BT21: =+Cmg_Barra!BT21-Cmg_Cong!BT21 -> 24.676449 | BU21: 23.610553 | BV21: 23.510698 | BW21: 24.273809 | BX21: 24.509838 | BY21: 24.51919 | BZ21: 23.488621 | CA21: 23.000409 | CB21: 23.59658 | CC21: 23.169957 | CD21: 23.955316 | CE21: 22.518373 | CF21: 23.387936 | CG21: 27.129963 | CH21: 22.883268 | CI21: 23.588283 | CJ21: 23.527758 | CK21: 24.41752 | CL21: 24.976498 | CM21: 25.072007 | CN21: 24.709825 | CO21: =+Cmg_Barra!CO21-Cmg_Cong!CO21 -> 24.644035 | CP21: 25.072049 | CQ21: 24.353027 | CR21: 24.440667 | CS21: 24.008539 | CT21: 24.602481 | CU21: 24.627276 | CV21: 23.779504 | CW21: 24.313709 | CX21: 23.581199 | CY21: 24.30332 | CZ21: 23.590193 | DA21: 23.590193 | DB21: 23.736903 | DC21: 24.985579 | DD21: 25.130685 | DE21: 22.843958 | DF21: 21.260452 | DG21: 21.214561 | DH21: 21.609343 | DI21: 24.127933 | DJ21: 23.496884 | DK21: 23.459038 | DL21: 22.292754 | DM21: 26.924173 | DN21: 25.072745 | DO21: 25.072793 | DP21: 24.6692 | DQ21: 24.709825 | DR21: 23.59658 | DS21: 26.786691 | DT21: 23.610553 | DU21: 23.529413 | DV21: 26.731103 | DW21: 22.388306 | DX21: 22.391735 | DY21: 22.971577 | DZ21: 22.830752 | EA21: 22.243592 | EB21: 22.10718 | EC21: 23.682978 | ED21: 23.567112 | EE21: 23.518838 | EF21: 24.348881 | EG21: 22.349253 | EH21: 26.341252 | EI21: 23.932131 | EJ21: 27.202436 | EK21: 23.35452 | EL21: 23.383432 | EM21: 23.034839 | EN21: 24.037059 | EO21: 25.520425 | EP21: 25.520425 | EQ21: 24.625571 | ER21: 24.625468 | ES21: 23.283384 | ET21: 23.283384 | EU21: 24.606328 | EV21: 24.148706 | EW21: 23.246126 | EX21: 24.676449 | EY21: 24.676449 | EZ21: 24.928539 | FA21: 22.648837 | FB21: =+Cmg_Barra!FB21-Cmg_Cong!FB21 -> 24.644035 | FC21: 27.077949 | FD21: 21.884474 | FE21: 27.077949 | FF21: 24.625225 | FG21: 24.023585 | FH21: 24.66429 | FI21: 21.869581 | FJ21: 24.003819 | FK21: 23.098597 | FL21: 25.094778 | FM21: 24.931379 | FN21: 24.879519 | FO21: 24.003838 | FP21: 24.003819 | FQ21: 24.00383 | FR21: 27.175518 | FS21: 27.175518 | FT21: 25.870222 | FU21: 25.895669 | FV21: 25.804918 | FW21: 26.443708 | FX21: 23.751732 | FY21: 25.718535 | FZ21: 25.68302 | GA21: 24.668968 | GB21: 25.009011 | GC21: 24.251175 | GD21: 23.905302 | GE21: 23.855363 | GF21: 23.102931 | GG21: 22.20188 | GH21: 21.370528 | GI21: 21.437909 | GJ21: 23.880547 | GK21: 26.740224
B22: 43431.396 | C22: 23.993933 | D22: 24.040956 | E22: 24.022138 | F22: 23.993909 | G22: 24.038791 | H22: 24.913683 | I22: 25.065313 | J22: 25.001777 | K22: 24.377077 | L22: 24.111492 | M22: 24.90507 | N22: 24.34978 | O22: 24.327555 | P22: 25.084726 | Q22: 24.117719 | R22: 23.210289 | S22: 23.237759 | T22: 23.925246 | U22: 23.919117 | V22: 23.64528 | W22: 23.544182 | X22: 25.857551 | Y22: 22.701349 | Z22: 24.348142 | AA22: 23.923162 | AB22: 22.148574 | AC22: 23.797588 | AD22: 23.953314 | AE22: 22.241466 | AF22: 25.213452 | AG22: 23.978276 | AH22: 22.98672 | AI22: 23.037616 | AJ22: 25.081594 | AK22: 22.249717 | AL22: 20.914772 | AM22: 24.75144 | AN22: 24.449525 | AO22: 24.832801 | AP22: 24.053376 | AQ22: 23.0927 | AR22: 24.736287 | AS22: 23.491295 | AT22: 23.812928 | AU22: 23.605716 | AV22: 23.656782 | AW22: 23.62772 | AX22: 23.525631 | AY22: 25.395762 | AZ22: 25.34839 | BA22: 25.395564 | BB22: 25.395628 | BC22: 21.869536 | BD22: 24.086255 | BE22: 24.078905 | BF22: 25.056937 | BG22: 22.255379 | BH22: 22.255379 | BI22: 24.0338 | BJ22: 22.895594 | BK22: 24.702235 | BL22: 24.263273 | BM22: 24.263273 | BN22: 25.675392 | BO22: 24.841858 | BP22: 24.170578 | BQ22: 24.143091 | BR22: 24.381255 | BS22: 24.268056 | BT22: =+Cmg_Barra!BT22-Cmg_Cong!BT22 -> 24.702235 | BU22: 23.656782 | BV22: 23.556343 | BW22: 24.26162 | BX22: 24.515481 | BY22: 24.524772 | BZ22: 23.532879 | CA22: 22.961643 | CB22: 23.64528 | CC22: 23.15973 | CD22: 24.008573 | CE22: 22.572787 | CF22: 23.369618 | CG22: 27.298465 | CH22: 22.914849 | CI22: 23.63894 | CJ22: 23.578495 | CK22: 24.284134 | CL22: 25.130271 | CM22: 25.214668 | CN22: 24.835545 | CO22: =+Cmg_Barra!CO22-Cmg_Cong!CO22 -> 24.758396 | CP22: 25.21471 | CQ22: 24.174028 | CR22: 24.263273 | CS22: 24.061297 | CT22: 24.729148 | CU22: 24.754943 | CV22: 23.812932 | CW22: 24.345505 | CX22: 23.586751 | CY22: 24.335341 | CZ22: 23.62772 | DA22: 23.62772 | DB22: 23.785948 | DC22: 25.099732 | DD22: 25.235722 | DE22: 22.940267 | DF22: 21.284056 | DG22: 21.23736 | DH22: 21.662784 | DI22: 24.199075 | DJ22: 23.543175 | DK22: 23.503958 | DL22: 22.429701 | DM22: 27.091532 | DN22: 25.182212 | DO22: 25.18226 | DP22: 24.792577 | DQ22: 24.835545 | DR22: 23.64528 | DS22: 26.958211 | DT22: 23.656782 | DU22: 23.575273 | DV22: 26.798571 | DW22: 22.422463 | DX22: 22.427051 | DY22: 22.992663 | DZ22: 22.886184 | EA22: 22.292274 | EB22: 22.154507 | EC22: 23.713384 | ED22: 23.606174 | EE22: 23.561509 | EF22: 24.307911 | EG22: 22.402796 | EH22: 26.492246 | EI22: 23.97991 | EJ22: 27.322594 | EK22: 23.261341 | EL22: 23.31797 | EM22: 23.063095 | EN22: 24.117975 | EO22: 25.675392 | EP22: 25.675392 | EQ22: 24.735042 | ER22: 24.734745 | ES22: 23.467357 | ET22: 23.467357 | EU22: 24.734051 | EV22: 24.286187 | EW22: 23.249102 | EX22: 24.702235 | EY22: 24.702235 | EZ22: 25.015361 | FA22: 22.693783 | FB22: =+Cmg_Barra!FB22-Cmg_Cong!FB22 -> 24.758396 | FC22: 27.246162 | FD22: 22.012322 | FE22: 27.246162 | FF22: 24.734045 | FG22: 24.07173 | FH22: 24.753227 | FI22: 21.912832 | FJ22: 24.058108 | FK22: 23.197565 | FL22: 25.218558 | FM22: 25.044868 | FN22: 24.993052 | FO22: 24.058127 | FP22: 24.058108 | FQ22: 24.05812 | FR22: 27.413237 | FS22: 27.413237 | FT22: 26.020696 | FU22: 26.045818 | FV22: 25.955509 | FW22: 26.615682 | FX22: 23.832563 | FY22: 25.847454 | FZ22: 25.809688 | GA22: 24.752605 | GB22: 25.151253 | GC22: 24.282391 | GD22: 23.959093 | GE22: 23.909233 | GF22: 23.15704 | GG22: 22.108705 | GH22: 21.416464 | GI22: 21.483342 | GJ22: 23.928524 | GK22: 26.911806
B23: 43431.417 | C23: 24.013632 | D23: 24.061651 | E23: 24.042434 | F23: 24.013609 | G23: 24.084717 | H23: 24.889741 | I23: 25.047982 | J23: 24.985479 | K23: 24.431505 | L23: 24.143241 | M23: 24.90813 | N23: 24.357033 | O23: 24.350964 | P23: 25.097912 | Q23: 24.127554 | R23: 23.216099 | S23: 23.243559 | T23: 23.939987 | U23: 23.959086 | V23: 23.680564 | W23: 23.577787 | X23: 25.864831 | Y23: 22.697544 | Z23: 24.381697 | AA23: 23.962016 | AB23: 22.157379 | AC23: 23.809451 | AD23: 23.964897 | AE23: 22.269652 | AF23: 25.18105 | AG23: 23.994705 | AH23: 22.973373 | AI23: 23.026716 | AJ23: 25.059778 | AK23: 22.273606 | AL23: 20.91556 | AM23: 24.747913 | AN23: 24.441339 | AO23: 24.833174 | AP23: 24.099542 | AQ23: 23.124929 | AR23: 24.73289 | AS23: 23.5289 | AT23: 23.854666 | AU23: 23.64336 | AV23: 23.690245 | AW23: 23.665452 | AX23: 23.562918 | AY23: 25.397374 | AZ23: 25.344477 | BA23: 25.397176 | BB23: 25.397241 | BC23: 21.883752 | BD23: 24.104677 | BE23: 24.097797 | BF23: 25.060824 | BG23: 22.286162 | BH23: 22.286162 | BI23: 24.042781 | BJ23: 22.887546 | BK23: 24.695566 | BL23: 24.266468 | BM23: 24.266468 | BN23: 25.734612 | BO23: 24.824934 | BP23: 24.182124 | BQ23: 24.160202 | BR23: 24.390768 | BS23: 24.278232 | BT23: =+Cmg_Barra!BT23-Cmg_Cong!BT23 -> 24.695566 | BU23: 23.690245 | BV23: 23.589907 | BW23: 24.235236 | BX23: 24.490812 | BY23: 24.499686 | BZ23: 23.55563 | CA23: 22.955188 | CB23: 23.680564 | CC23: 23.153123 | CD23: 24.075302 | CE23: 22.583344 | CF23: 23.379892 | CG23: 27.305551 | CH23: 22.908955 | CI23: 23.680027 | CJ23: 23.620038 | CK23: 24.288685 | CL23: 25.087077 | CM23: 25.18121 | CN23: 24.815283 | CO23: =+Cmg_Barra!CO23-Cmg_Cong!CO23 -> 24.741225 | CP23: 25.181252 | CQ23: 24.177623 | CR23: 24.266468 | CS23: 24.108902 | CT23: 24.726802 | CU23: 24.752618 | CV23: 23.854671 | CW23: 24.358566 | CX23: 23.596802 | CY23: 24.348897 | CZ23: 23.665452 | DA23: 23.665452 | DB23: 23.817921 | DC23: 25.067327 | DD23: 25.196555 | DE23: 22.954603 | DF23: 21.311215 | DG23: 21.265207 | DH23: 21.660762 | DI23: 24.196096 | DJ23: 23.57925 | DK23: 23.539396 | DL23: 22.492194 | DM23: 27.098647 | DN23: 25.169423 | DO23: 25.169471 | DP23: 24.772465 | DQ23: 24.815283 | DR23: 23.680564 | DS23: 26.977517 | DT23: 23.690245 | DU23: 23.608917 | DV23: 26.848109 | DW23: 22.44575 | DX23: 22.44347 | DY23: 23.013646 | DZ23: 22.948869 | EA23: 22.286661 | EB23: 22.157435 | EC23: 23.719037 | ED23: 23.618594 | EE23: 23.576749 | EF23: 24.300215 | EG23: 22.411341 | EH23: 26.520716 | EI23: 24.025094 | EJ23: 27.337897 | EK23: 23.293108 | EL23: 23.350808 | EM23: 23.085228 | EN23: 24.112687 | EO23: 25.734612 | EP23: 25.734612 | EQ23: 24.720396 | ER23: 24.720078 | ES23: 23.533524 | ET23: 23.533524 | EU23: 24.730075 | EV23: 24.296929 | EW23: 23.253298 | EX23: 24.695566 | EY23: 24.695566 | EZ23: 24.990863 | FA23: 22.689896 | FB23: =+Cmg_Barra!FB23-Cmg_Cong!FB23 -> 24.741225 | FC23: 27.253256 | FD23: 22.050523 | FE23: 27.253256 | FF23: 24.719331 | FG23: 24.120471 | FH23: 24.771746 | FI23: 21.91977 | FJ23: 24.105334 | FK23: 23.210734 | FL23: 25.20913 | FM23: 25.027219 | FN23: 24.975728 | FO23: 24.105353 | FP23: 24.105334 | FQ23: 24.105345 | FR23: 27.475797 | FS23: 27.475797 | FT23: 26.052849 | FU23: 26.07864 | FV23: 25.987709 | FW23: 26.640244 | FX23: 23.850646 | FY23: 25.838559 | FZ23: 25.792582 | GA23: 24.800596 | GB23: 25.14064 | GC23: 24.296968 | GD23: 24.004319 | GE23: 23.954829 | GF23: 23.154597 | GG23: 22.122559 | GH23: 21.42073 | GI23: 21.488132 | GJ23: 23.968365 | GK23: 26.931824
B24: 43431.438 | C24: 24.125869 | D24: 24.17608 | E24: 24.155987 | F24: 24.125845 | G24: 24.176663 | H24: 24.832869 | I24: 24.983705 | J24: 24.927112 | K24: 24.710522 | L24: 24.251062 | M24: 24.864967 | N24: 24.309792 | O24: 24.448489 | P24: 25.059329 | Q24: 24.09208 | R24: 23.277414 | S24: 23.307335 | T24: 24.029766 | U24: 24.042954 | V24: 23.742148 | W24: 23.635763 | X24: 25.829367 | Y24: 22.721699 | Z24: 24.680188 | AA24: 24.045515 | AB24: 22.211057 | AC24: 23.915582 | AD24: 24.072116 | AE24: 22.338116 | AF24: 25.143967 | AG24: 24.083073 | AH24: 22.956889 | AI24: 23.018774 | AJ24: 25.030359 | AK24: 22.335723 | AL24: 20.949539 | AM24: 24.729776 | AN24: 24.423293 | AO24: 24.815026 | AP24: 24.187539 | AQ24: 23.204409 | AR24: 24.876962 | AS24: 23.610709 | AT24: 23.945595 | AU24: 23.72553 | AV24: 23.763727 | AW24: 23.747702 | AX24: 23.644785 | AY24: 25.37997 | AZ24: 25.324758 | BA24: 25.379771 | BB24: 25.379835 | BC24: 21.911094 | BD24: 24.20301 | BE24: 24.195581 | BF24: 25.027091 | BG24: 22.359935 | BH24: 22.359935 | BI24: 24.020794 | BJ24: 22.929799 | BK24: 24.83837 | BL24: 24.595529 | BM24: 24.595529 | BN24: 25.931432 | BO24: 24.783933 | BP24: 24.290041 | BQ24: 24.404291 | BR24: 24.353796 | BS24: 24.240854 | BT24: =+Cmg_Barra!BT24-Cmg_Cong!BT24 -> 24.83837 | BU24: 23.763727 | BV24: 23.662975 | BW24: 24.379041 | BX24: 24.626631 | BY24: 24.636042 | BZ24: 23.643021 | CA24: 23.000269 | CB24: 23.742148 | CC24: 23.261604 | CD24: 24.17305 | CE24: 22.677869 | CF24: 23.440957 | CG24: 27.266612 | CH24: 22.946714 | CI24: 23.770134 | CJ24: 23.712602 | CK24: 24.569149 | CL24: 25.050705 | CM24: 25.145841 | CN24: 24.780504 | CO24: =+Cmg_Barra!CO24-Cmg_Cong!CO24 -> 24.715359 | CP24: 25.145883 | CQ24: 24.505584 | CR24: 24.595529 | CS24: 24.19734 | CT24: 24.680691 | CU24: 24.706594 | CV24: 23.9456 | CW24: 24.471101 | CX24: 23.673677 | CY24: 24.46057 | CZ24: 23.747702 | DA24: 23.747702 | DB24: 23.904944 | DC24: 24.990774 | DD24: 25.098378 | DE24: 22.92516 | DF24: 21.373724 | DG24: 21.32685 | DH24: 21.741641 | DI24: 24.216168 | DJ24: 23.629767 | DK24: 23.587334 | DL24: 22.434674 | DM24: 27.060207 | DN24: 25.110872 | DO24: 25.110921 | DP24: 24.740663 | DQ24: 24.780504 | DR24: 23.742148 | DS24: 27.247408 | DT24: 23.763727 | DU24: 23.682444 | DV24: 26.942177 | DW24: 22.507317 | DX24: 22.5009 | DY24: 23.039804 | DZ24: 23.0427 | EA24: 22.360151 | EB24: 22.219148 | EC24: 23.825225 | ED24: 23.713225 | EE24: 23.666564 | EF24: 24.34629 | EG24: 22.505674 | EH24: 26.795043 | EI24: 24.111273 | EJ24: 27.654829 | EK24: 23.345074 | EL24: 23.406963 | EM24: 23.098078 | EN24: 24.116216 | EO24: 25.931432 | EP24: 25.931432 | EQ24: 24.697838 | ER24: 24.697551 | ES24: 23.488477 | ET24: 23.488477 | EU24: 24.68172 | EV24: 24.258267 | EW24: 23.316712 | EX24: 24.83837 | EY24: 24.83837 | EZ24: 24.946131 | FA24: 22.71407 | FB24: =+Cmg_Barra!FB24-Cmg_Cong!FB24 -> 24.715359 | FC24: 27.214443 | FD24: 21.98092 | FE24: 27.214443 | FF24: 24.696874 | FG24: 24.209436 | FH24: 24.766255 | FI24: 21.976219 | FJ24: 24.193608 | FK24: 23.182011 | FL24: 25.184445 | FM24: 25.001435 | FN24: 24.949139 | FO24: 24.193627 | FP24: 24.193608 | FQ24: 24.19362 | FR24: 27.910791 | FS24: 27.910791 | FT24: 26.327627 | FU24: 26.353834 | FV24: 26.262313 | FW24: 26.914538 | FX24: 23.954048 | FY24: 25.806864 | FZ24: 25.766384 | GA24: 24.927308 | GB24: 25.086657 | GC24: 24.405366 | GD24: 24.091171 | GE24: 24.041616 | GF24: 23.239444 | GG24: 22.152389 | GH24: 21.484458 | GI24: 21.550501 | GJ24: 24.052593 | GK24: 27.202313
B25: 43431.458 | C25: 24.835022 | D25: 24.888069 | E25: 24.866841 | F25: 24.834998 | G25: 24.436747 | H25: 24.894299 | I25: 25.059381 | J25: 24.999752 | K25: 24.969812 | L25: 24.954406 | M25: 24.958871 | N25: 24.38041 | O25: 24.875919 | P25: 25.158822 | Q25: 24.170335 | R25: 23.57096 | S25: 23.606355 | T25: 24.411601 | U25: 24.290073 | V25: 23.958773 | W25: 23.879051 | X25: 25.954591 | Y25: 22.857389 | Z25: 24.932942 | AA25: 24.298396 | AB25: 22.944166 | AC25: 24.287883 | AD25: 24.450753 | AE25: 22.915606 | AF25: 25.25624 | AG25: 24.465399 | AH25: 23.067502 | AI25: 23.136825 | AJ25: 25.137844 | AK25: 22.89966 | AL25: 22.350997 | AM25: 24.851149 | AN25: 24.540836 | AO25: 24.931258 | AP25: 24.444422 | AQ25: 23.514782 | AR25: 25.26597 | AS25: 23.841643 | AT25: 24.194921 | AU25: 23.960399 | AV25: 23.991161 | AW25: 23.983221 | AX25: 23.877345 | AY25: 25.514527 | AZ25: 25.437177 | BA25: 25.514324 | BB25: 25.51439 | BC25: 22.174356 | BD25: 24.533416 | BE25: 24.51972 | BF25: 25.135536 | BG25: 22.933055 | BH25: 22.933055 | BI25: 24.132467 | BJ25: 23.246086 | BK25: 25.222939 | BL25: 24.831864 | BM25: 24.831864 | BN25: 26.732342 | BO25: 24.90159 | BP25: 24.669976 | BQ25: 24.641038 | BR25: 24.433439 | BS25: 24.321379 | BT25: =+Cmg_Barra!BT25-Cmg_Cong!BT25 -> 25.222939 | BU25: 23.991161 | BV25: 23.886264 | BW25: 24.690276 | BX25: 24.986765 | BY25: 24.995566 | BZ25: 23.999652 | CA25: 23.321968 | CB25: 23.958773 | CC25: 23.425511 | CD25: 24.71379 | CE25: 23.57332 | CF25: 23.653868 | CG25: 27.386399 | CH25: 23.101054 | CI25: 23.986293 | CJ25: 23.920638 | CK25: 24.799807 | CL25: 25.160844 | CM25: 25.257103 | CN25: 24.892441 | CO25: =+Cmg_Barra!CO25-Cmg_Cong!CO25 -> 24.833554 | CP25: 25.257146 | CQ25: 24.743901 | CR25: 24.831864 | CS25: 24.456035 | CT25: 24.766468 | CU25: 24.793021 | CV25: 24.194926 | CW25: 24.810351 | CX25: 24.060552 | CY25: 24.799153 | CZ25: 23.983221 | DA25: 23.983221 | DB25: 24.213882 | DC25: 25.100921 | DD25: 25.210606 | DE25: 22.981296 | DF25: 21.903864 | DG25: 21.852032 | DH25: 22.369445 | DI25: 24.377954 | DJ25: 23.827347 | DK25: 23.782639 | DL25: 22.398732 | DM25: 27.180775 | DN25: 25.229316 | DO25: 25.229365 | DP25: 24.854619 | DQ25: 24.892441 | DR25: 23.958773 | DS25: 27.767502 | DT25: 23.991161 | DU25: 23.908284 | DV25: 27.203167 | DW25: 23.078062 | DX25: 23.099095 | DY25: 23.327928 | DZ25: 23.564862 | EA25: 23.224045 | EB25: 23.056094 | EC25: 24.218571 | ED25: 24.117242 | EE25: 24.075029 | EF25: 24.673194 | EG25: 23.391603 | EH25: 27.335368 | EI25: 24.360905 | EJ25: 28.211053 | EK25: 23.607755 | EL25: 23.667836 | EM25: 23.39003 | EN25: 24.264075 | EO25: 26.732342 | EP25: 26.732342 | EQ25: 24.819238 | ER25: 24.81898 | ES25: 23.505482 | ET25: 23.505482 | EU25: 24.775062 | EV25: 24.340588 | EW25: 23.71006 | EX25: 25.222939 | EY25: 25.222939 | EZ25: 25.049191 | FA25: 22.849403 | FB25: =+Cmg_Barra!FB25-Cmg_Cong!FB25 -> 24.833554 | FC25: 27.334427 | FD25: 21.927148 | FE25: 27.334427 | FF25: 24.818373 | FG25: 24.472331 | FH25: 24.958038 | FI25: 22.698797 | FJ25: 24.450915 | FK25: 23.248692 | FL25: 25.282127 | FM25: 25.116609 | FN25: 25.064505 | FO25: 24.450935 | FP25: 24.450915 | FQ25: 24.450927 | FR25: 28.534852 | FS25: 28.534852 | FT25: 26.864676 | FU25: 26.892396 | FV25: 26.798194 | FW25: 27.453326 | FX25: 24.655769 | FY25: 25.946448 | FZ25: 25.904987 | GA25: 25.602449 | GB25: 25.169533 | GC25: 24.740431 | GD25: 24.345997 | GE25: 24.295013 | GF25: 23.897301 | GG25: 22.422498 | GH25: 22.183203 | GI25: 22.252915 | GJ25: 24.307068 | GK25: 27.724942
B26: 43431.479 | C26: 25.056943 | D26: 25.112822 | E26: 25.090461 | F26: 25.056918 | G26: 24.569894 | H26: 24.949393 | I26: 25.107895 | J26: 25.048633 | K26: 25.007764 | L26: 25.177822 | M26: 25.005639 | N26: 24.422824 | O26: 25.084168 | P26: 25.223614 | Q26: 24.240421 | R26: 23.691681 | S26: 23.729694 | T26: 24.591624 | U26: 24.422284 | V26: 24.14021 | W26: 24.015596 | X26: 25.937183 | Y26: 22.844503 | Z26: 24.962305 | AA26: 24.432785 | AB26: 23.06232 | AC26: 24.461514 | AD26: 24.627775 | AE26: 22.949536 | AF26: 25.329305 | AG26: 24.648731 | AH26: 23.029607 | AI26: 23.10996 | AJ26: 25.163446 | AK26: 22.935605 | AL26: 22.517826 | AM26: 24.803085 | AN26: 24.490264 | AO26: 24.901637 | AP26: 24.58478 | AQ26: 23.708902 | AR26: 25.447518 | AS26: 23.952648 | AT26: 24.317701 | AU26: 24.075474 | AV26: 24.102283 | AW26: 24.098848 | AX26: 23.990528 | AY26: 25.476027 | AZ26: 25.37972 | BA26: 25.475817 | BB26: 25.475886 | BC26: 22.203817 | BD26: 24.692718 | BE26: 24.677682 | BF26: 25.199709 | BG26: 22.965184 | BH26: 22.965184 | BI26: 24.148236 | BJ26: 23.378908 | BK26: 25.403119 | BL26: 24.834328 | BM26: 24.834328 | BN26: 27.058221 | BO26: 24.955037 | BP26: 24.848196 | BQ26: 24.67908 | BR26: 24.518109 | BS26: 24.398243 | BT26: =+Cmg_Barra!BT26-Cmg_Cong!BT26 -> 25.403119 | BU26: 24.102283 | BV26: 23.995479 | BW26: 24.92467 | BX26: 25.159449 | BY26: 25.170762 | BZ26: 24.175667 | CA26: 23.457292 | CB26: 24.14021 | CC26: 23.422125 | CD26: 24.790968 | CE26: 23.752512 | CF26: 23.743677 | CG26: 27.368032 | CH26: 23.127734 | CI26: 24.071127 | CJ26: 23.993008 | CK26: 24.820255 | CL26: 25.226726 | CM26: 25.32974 | CN26: 24.940901 | CO26: =+Cmg_Barra!CO26-Cmg_Cong!CO26 -> 24.879753 | CP26: 25.329785 | CQ26: 24.749456 | CR26: 24.834328 | CS26: 24.595552 | CT26: 24.807351 | CU26: 24.835772 | CV26: 24.317706 | CW26: 24.97899 | CX26: 24.231207 | CY26: 24.968009 | CZ26: 24.098848 | DA26: 24.098848 | DB26: 24.374062 | DC26: 25.153423 | DD26: 25.264252 | DE26: 23.002351 | DF26: 22.207926 | DG26: 22.147856 | DH26: 22.527788 | DI26: 24.415593 | DJ26: 24.046853 | DK26: 24.013339 | DL26: 22.438349 | DM26: 27.162545 | DN26: 25.236493 | DO26: 25.236545 | DP26: 24.901924 | DQ26: 24.940901 | DR26: 24.14021 | DS26: 27.905017 | DT26: 24.102283 | DU26: 24.016173 | DV26: 27.348317 | DW26: 23.104338 | DX26: 23.163386 | DY26: 23.386214 | DZ26: 23.629394 | EA26: 23.395241 | EB26: 23.201527 | EC26: 24.387031 | ED26: 24.287795 | EE26: 24.246455 | EF26: 24.814118 | EG26: 23.565882 | EH26: 27.485299 | EI26: 24.499879 | EJ26: 28.391512 | EK26: 23.704976 | EL26: 23.790497 | EM26: 23.448378 | EN26: 24.305464 | EO26: 27.058221 | EP26: 27.058221 | EQ26: 24.869014 | ER26: 24.868537 | ES26: 23.56101 | ET26: 23.56101 | EU26: 24.814583 | EV26: 24.416842 | EW26: 23.868138 | EX26: 25.403119 | EY26: 25.403119 | EZ26: 25.06277 | FA26: 22.8364 | FB26: =+Cmg_Barra!FB26-Cmg_Cong!FB26 -> 24.879753 | FC26: 27.316095 | FD26: 21.953357 | FE26: 27.316095 | FF26: 24.867415 | FG26: 24.610219 | FH26: 25.009169 | FI26: 22.820093 | FJ26: 24.590977 | FK26: 23.268689 | FL26: 25.208129 | FM26: 25.14621 | FN26: 25.104205 | FO26: 24.590998 | FP26: 24.590977 | FQ26: 24.59099 | FR26: 28.683565 | FS26: 28.683565 | FT26: 26.995591 | FU26: 27.024046 | FV26: 26.926628 | FW26: 27.579246 | FX26: 24.867984 | FY26: 25.997787 | FZ26: 25.964129 | GA26: 25.852536 | GB26: 25.217416 | GC26: 24.910522 | GD26: 24.483348 | GE26: 24.430747 | GF26: 24.07113 | GG26: 22.459406 | GH26: 22.305387 | GI26: 22.374413 | GJ26: 24.443056 | GK26: 27.860886
B27: 43431.5 | C27: 33.796715 | D27: 33.867102 | E27: 33.838934 | F27: 33.796682 | G27: 33.212276 | H27: 33.647952 | I27: 33.852391 | J27: 33.77763 | K27: 33.866188 | L27: 33.973743 | M27: 33.730593 | N27: 32.955204 | O27: 33.895054 | P27: 34.011465 | Q27: 32.711184 | R27: 32.070356 | S27: 32.119435 | T27: 33.245745 | U27: 33.015722 | V27: 32.641479 | W27: 32.47477 | X27: 34.936809 | Y27: 30.926118 | Z27: 33.778599 | AA27: 33.023874 | AB27: 31.174384 | AC27: 33.079685 | AD27: 33.303392 | AE27: 31.025859 | AF27: 34.162188 | AG27: 33.323735 | AH27: 31.185428 | AI27: 31.285196 | AJ27: 33.931689 | AK27: 31.022009 | AL27: 30.449414 | AM27: 33.408464 | AN27: 32.986987 | AO27: 33.531015 | AP27: 33.232777 | AQ27: 32.029687 | AR27: 34.429142 | AS27: 32.375794 | AT27: 32.872003 | AU27: 32.540005 | AV27: 32.574505 | AW27: 32.571635 | AX27: 32.424863 | AY27: 34.319744 | AZ27: 34.202436 | BA27: 34.31946 | BB27: 34.319552 | BC27: 30.045427 | BD27: 33.381759 | BE27: 33.360539 | BF27: 33.993194 | BG27: 31.046735 | BH27: 31.046735 | BI27: 32.602431 | BJ27: 31.611109 | BK27: 34.367836 | BL27: 33.57381 | BM27: 33.57381 | BN27: 36.319638 | BO27: 33.646659 | BP27: 33.595908 | BQ27: 33.375376 | BR27: 33.082069 | BS27: 32.920733 | BT27: =+Cmg_Barra!BT27-Cmg_Cong!BT27 -> 34.367837 | BU27: 32.574505 | BV27: 32.42976 | BW27: 33.691679 | BX27: 34.031339 | BY27: 34.045538 | BZ27: 32.66853 | CA27: 31.714895 | CB27: 32.641479 | CC27: 31.694902 | CD27: 33.758166 | CE27: 32.116723 | CF27: 32.115313 | CG27: 36.881001 | CH27: 31.301129 | CI27: 32.55557 | CJ27: 32.453889 | CK27: 33.54503 | CL27: 34.022967 | CM27: 34.1637 | CN27: 33.63802 | CO27: =+Cmg_Barra!CO27-Cmg_Cong!CO27 -> 33.56048 | CP27: 34.16376 | CQ27: 33.461998 | CR27: 33.57381 | CS27: 33.248548 | CT27: 33.465284 | CU27: 33.502333 | CV27: 32.87201 | CW27: 33.770383 | CX27: 32.755961 | CY27: 33.755062 | CZ27: 32.571635 | DA27: 32.571635 | DB27: 32.936636 | DC27: 33.900238 | DD27: 34.036142 | DE27: 31.055958 | DF27: 30.068062 | DG27: 29.986811 | DH27: 30.344415 | DI27: 32.966671 | DJ27: 32.524444 | DK27: 32.477391 | DL27: 30.304925 | DM27: 36.601792 | DN27: 34.016132 | DO27: 34.016201 | DP27: 33.587145 | DQ27: 33.63802 | DR27: 32.641479 | DS27: 37.880306 | DT27: 32.574505 | DU27: 32.45931 | DV27: 36.706023 | DW27: 31.242771 | DX27: 31.322465 | DY27: 31.633581 | DZ27: 31.962374 | EA27: 31.635904 | EB27: 31.368723 | EC27: 32.968376 | ED27: 32.828408 | EE27: 32.770099 | EF27: 33.518274 | EG27: 31.863662 | EH27: 37.289246 | EI27: 33.107927 | EJ27: 38.553438 | EK27: 32.031136 | EL27: 32.148742 | EM27: 31.717308 | EN27: 32.818995 | EO27: 36.319638 | EP27: 36.319638 | EQ27: 33.546451 | ER27: 33.546088 | ES27: 31.706087 | ET27: 31.706087 | EU27: 33.480459 | EV27: 32.944157 | EW27: 32.262034 | EX27: 34.367836 | EY27: 34.367836 | EZ27: 33.785498 | FA27: 30.915143 | FB27: =+Cmg_Barra!FB27-Cmg_Cong!FB27 -> 33.56048 | FC27: 36.81043 | FD27: 29.705699 | FE27: 36.81043 | FF27: 33.545233 | FG27: 33.268187 | FH27: 33.783018 | FI27: 30.850891 | FJ27: 33.242428 | FK27: 31.418491 | FL27: 33.981263 | FM27: 33.908721 | FN27: 33.855368 | FO27: 33.242455 | FP27: 33.242428 | FQ27: 33.242445 | FR27: 39.007664 | FS27: 39.007664 | FT27: 36.626393 | FU27: 36.665115 | FV27: 36.532936 | FW27: 37.428553 | FX27: 33.559459 | FY27: 35.055434 | FZ27: 35.008376 | GA27: 34.868653 | GB27: 33.999304 | GC27: 33.675298 | GD27: 33.095139 | GE27: 33.024347 | GF27: 32.537552 | GG27: 30.390442 | GH27: 30.146023 | GI27: 30.240839 | GJ27: 33.037568 | GK27: 37.819107
B28: 43431.521 | C28: 33.601036 | D28: 33.666788 | E28: 33.640475 | F28: 33.601002 | G28: 33.067186 | H28: 33.600407 | I28: 33.799478 | J28: 33.725171 | K28: 33.39189 | L28: 33.783174 | M28: 33.619696 | N28: 32.845069 | O28: 33.693148 | P28: 33.942582 | Q28: 32.652527 | R28: 31.998271 | S28: 32.043146 | T28: 33.085628 | U28: 32.884142 | V28: 32.483448 | W28: 32.350963 | X28: 34.823728 | Y28: 30.931579 | Z28: 33.334489 | AA28: 32.887776 | AB28: 31.129724 | AC28: 32.913543 | AD28: 33.13089 | AE28: 30.981133 | AF28: 34.091995 | AG28: 33.163694 | AH28: 31.232013 | AI28: 31.315533 | AJ28: 33.853963 | AK28: 30.948786 | AL28: 30.41736 | AM28: 33.313946 | AN28: 32.891925 | AO28: 33.449778 | AP28: 33.085575 | AQ28: 31.92354 | AR28: 34.204015 | AS28: 32.262505 | AT28: 32.735641 | AU28: 32.42168 | AV28: 32.462602 | AW28: 32.452286 | AX28: 32.310289 | AY28: 34.209921 | AZ28: 34.096816 | BA28: 34.209646 | BB28: 34.209736 | BC28: 30.056023 | BD28: 33.209176 | BE28: 33.192509 | BF28: 33.895088 | BG28: 30.985587 | BH28: 30.985587 | BI28: 32.540252 | BJ28: 31.535848 | BK28: 34.145908 | BL28: 33.174396 | BM28: 33.174396 | BN28: 35.948466 | BO28: 33.584813 | BP28: 33.422001 | BQ28: 33.078382 | BR28: 33.011628 | BS28: 32.853821 | BT28: =+Cmg_Barra!BT28-Cmg_Cong!BT28 -> 34.145908 | BU28: 32.462602 | BV28: 32.323396 | BW28: 33.503369 | BX28: 33.826987 | BY28: 33.840571 | BZ28: 32.533176 | CA28: 31.632644 | CB28: 32.483448 | CC28: 31.586986 | CD28: 33.640862 | CE28: 32.028075 | CF28: 32.035663 | CG28: 36.76128 | CH28: 31.277437 | CI28: 32.497598 | CJ28: 32.415159 | CK28: 33.190165 | CL28: 33.953092 | CM28: 34.092282 | CN28: 33.567657 | CO28: =+Cmg_Barra!CO28-Cmg_Cong!CO28 -> 33.487883 | CP28: 34.09234 | CQ28: 33.061977 | CR28: 33.174396 | CS28: 33.103534 | CT28: 33.366947 | CU28: 33.40143 | CV28: 32.735647 | CW28: 33.584395 | CX28: 32.621082 | CY28: 33.569604 | CZ28: 32.452286 | DA28: 32.452286 | DB28: 32.798033 | DC28: 33.835886 | DD28: 33.973768 | DE28: 31.049696 | DF28: 29.586946 | DG28: 29.508181 | DH28: 30.22376 | DI28: 32.880673 | DJ28: 32.34455 | DK28: 32.290324 | DL28: 30.147492 | DM28: 36.483024 | DN28: 33.92124 | DO28: 33.921308 | DP28: 33.516392 | DQ28: 33.567657 | DR28: 32.483448 | DS28: 37.455234 | DT28: 32.462602 | DU28: 32.350592 | DV28: 36.540606 | DW28: 31.213409 | DX28: 31.27993 | DY28: 31.575719 | DZ28: 31.855574 | EA28: 31.543881 | EB28: 31.300637 | EC28: 32.819595 | ED28: 32.68598 | EE28: 32.630318 | EF28: 33.431959 | EG28: 31.784115 | EH28: 36.894717 | EI28: 32.969367 | EJ28: 38.108825 | EK28: 31.959188 | EL28: 32.070019 | EM28: 31.65364 | EN28: 32.754568 | EO28: 35.948466 | EP28: 35.948466 | EQ28: 33.472355 | ER28: 33.471921 | ES28: 31.47217 | ET28: 31.47217 | EU28: 33.387173 | EV28: 32.874668 | EW28: 32.151144 | EX28: 34.145908 | EY28: 34.145908 | EZ28: 33.712275 | FA28: 30.921095 | FB28: =+Cmg_Barra!FB28-Cmg_Cong!FB28 -> 33.487883 | FC28: 36.69095 | FD28: 29.580563 | FE28: 36.69095 | FF28: 33.470901 | FG28: 33.121676 | FH28: 33.660259 | FI28: 30.822837 | FJ28: 33.09789 | FK28: 31.394735 | FL28: 33.887601 | FM28: 33.826354 | FN28: 33.774218 | FO28: 33.097917 | FP28: 33.09789 | FQ28: 33.097907 | FR28: 38.430578 | FS28: 38.430578 | FT28: 36.250547 | FU28: 36.288418 | FV28: 36.159594 | FW28: 37.014887 | FX28: 33.382325 | FY28: 34.927835 | FZ28: 34.890293 | GA28: 34.648144 | GB28: 33.942698 | GC28: 33.493089 | GD28: 32.948202 | GE28: 32.876867 | GF28: 32.405868 | GG28: 30.382697 | GH28: 30.133926 | GI28: 30.226729 | GJ28: 32.899548 | GK28: 37.395579
... B36: 43431.688 | C36: 26.558708 | D36: 26.617522 | E36: 26.593987 | F36: 26.558682 | G36: 26.41309 | H36: 26.575866 | I36: 26.961016 | J36: 26.835072 | K36: 26.757068 | L36: 26.687129 | M36: 27.046561 | N36: 26.4724 | O36: 26.827598 | P36: 27.199602 | Q36: 26.320175 | R36: 25.422806 | S36: 25.458539 | T36: 26.339817 | U36: 26.313867 | V36: 26.02231 | W36: 25.935297 | X36: 27.980451 | Y36: 24.898011 | Z36: 26.6768 | AA36: 26.314284 | AB36: 24.414803 | AC36: 26.22762 | AD36: 26.397281 | AE36: 24.536102 | AF36: 27.324579 | AG36: 26.403736 | AH36: 25.105712 | AI36: 25.162912 | AJ36: 27.173802 | AK36: 24.601016 | AL36: 23.036087 | AM36: 26.463706 | AN36: 25.871859 | AO36: 26.578979 | AP36: 26.456201 | AQ36: 25.404161 | AR36: 27.262179 | AS36: 25.862318 | AT36: 26.180087 | AU36: 25.941411 | AV36: 25.967764 | AW36: 25.964428 | AX36: 25.853642 | AY36: 27.429284 | AZ36: 27.355212 | BA36: 27.429066 | BB36: 27.429137 | BC36: 24.19128 | BD36: 26.488484 | BE36: 26.481392 | BF36: 27.256936 | BG36: 24.546007 | BH36: 24.546007 | BI36: 26.162684 | BJ36: 25.077926 | BK36: 27.219296 | BL36: 26.471617 | BM36: 26.471617 | BN36: 28.660227 | BO36: 26.908595 | BP36: 26.629128 | BQ36: 26.42569 | BR36: 26.617465 | BS36: 26.487793 | BT36: =+Cmg_Barra!BT36-Cmg_Cong!BT36 -> 27.219296 | BU36: 25.967764 | BV36: 25.857447 | BW36: 26.745045 | BX36: 26.983975 | BY36: 26.994443 | BZ36: 25.885879 | CA36: 25.157328 | CB36: 26.02231 | CC36: 25.366269 | CD36: 27.1977 | CE36: 24.988165 | CF36: 25.800718 | CG36: 29.537563 | CH36: 25.182245 | CI36: 26.063141 | CJ36: 26.012476 | CK36: 26.484397 | CL36: 27.217107 | CM36: 27.325041 | CN36: 26.897698 | CO36: =+Cmg_Barra!CO36-Cmg_Cong!CO36 -> 26.776244 | CP36: 27.325087 | CQ36: 26.401425 | CR36: 26.471617 | CS36: 26.457154 | CT36: 26.880094 | CU36: 26.912326 | CV36: 26.180093 | CW36: 26.787823 | CX36: 25.939608 | CY36: 26.777226 | CZ36: 25.964428 | DA36: 25.964428 | DB36: 26.168582 | DC36: 27.238735 | DD36: 27.438208 | DE36: 25.027662 | DF36: 24.437116 | DG36: 24.387315 | DH36: 23.800233 | DI36: 26.165194 | DJ36: 25.92381 | DK36: 25.883387 | DL36: 24.420034 | DM36: 29.313943 | DN36: 27.195801 | DO36: 27.16805 | DP36: 26.847034 | DQ36: 26.897698 | DR36: 26.02231 | DS36: 29.778859 | DT36: 25.967764 | DU36: 25.8787 | DV36: 29.236989 | DW36: 24.742604 | DX36: 24.745522 | DY36: 25.399469 | DZ36: 25.750496 | EA36: 24.58025 | EB36: 24.421392 | EC36: 26.076895 | ED36: 25.963354 | EE36: 25.916053 | EF36: 26.587774 | EG36: 24.792959 | EH36: 29.342207 | EI36: 26.376382 | EJ36: 30.302474 | EK36: 25.905398 | EL36: 25.938207 | EM36: 25.5211 | EN36: 26.102913 | EO36: 28.660227 | EP36: 28.660227 | EQ36: 26.727406 | ER36: 26.727015 | ES36: 25.597761 | ET36: 25.597761 | EU36: 26.871203 | EV36: 26.506224 | EW36: 25.539551 | EX36: 27.219296 | EY36: 27.219296 | EZ36: 27.236312 | FA36: 24.889675 | FB36: =+Cmg_Barra!FB36-Cmg_Cong!FB36 -> 26.776244 | FC36: 29.481043 | FD36: 23.906486 | FE36: 29.481043 | FF36: 26.726097 | FG36: 26.441208 | FH36: 26.822305 | FI36: 24.129112 | FJ36: 26.462743 | FK36: 25.294856 | FL36: 27.190783 | FM36: 27.100214 | FN36: 27.048166 | FO36: 26.462764 | FP36: 26.462743 | FQ36: 26.462756 | FR36: 30.660475 | FS36: 30.660475 | FT36: 28.822404 | FU36: 28.851254 | FV36: 28.749924 | FW36: 29.435372 | FX36: 26.358477 | FY36: 28.002607 | FZ36: 27.959955 | GA36: 27.420539 | GB36: 27.221329 | GC36: 26.719234 | GD36: 26.356246 | GE36: 26.301516 | GF36: 25.520602 | GG36: 24.454811 | GH36: 23.451104 | GI36: 23.538112 | GJ36: 26.321763 | GK36: 29.732327
B37: 43431.708 | C37: 26.565342 | D37: 26.623147 | E37: 26.600015 | F37: 26.565316 | G37: 26.507772 | H37: 26.96569 | I37: 27.360905 | J37: 27.230501 | K37: 27.103189 | L37: 26.684655 | M37: 27.360218 | N37: 26.800326 | O37: 26.818912 | P37: 27.584822 | Q37: 26.558655 | R37: 25.456761 | S37: 25.494063 | T37: 26.34626 | U37: 26.404421 | V37: 26.083393 | W37: 26.010509 | X37: 28.288496 | Y37: 24.999763 | Z37: 27.046214 | AA37: 26.40664 | AB37: 24.455357 | AC37: 26.219946 | AD37: 26.392318 | AE37: 24.573455 | AF37: 27.690674 | AG37: 26.411033 | AH37: 25.176143 | AI37: 25.250368 | AJ37: 27.526712 | AK37: 24.653425 | AL37: 23.059932 | AM37: 26.805837 | AN37: 26.221134 | AO37: 26.912925 | AP37: 26.55069 | AQ37: 25.458088 | AR37: 27.245972 | AS37: 25.949053 | AT37: 26.278679 | AU37: 26.040124 | AV37: 26.075865 | AW37: 26.063665 | AX37: 25.951359 | AY37: 27.765045 | AZ37: 27.689289 | BA37: 27.764827 | BB37: 27.764898 | BC37: 24.278932 | BD37: 26.533959 | BE37: 26.529173 | BF37: 27.530877 | BG37: 24.579969 | BH37: 24.579969 | BI37: 26.402749 | BJ37: 25.088538 | BK37: 27.205324 | BL37: 26.8805 | BM37: 26.8805 | BN37: 28.634855 | BO37: 27.27425 | BP37: 26.624122 | BQ37: 26.709245 | BR37: 26.857475 | BS37: 26.727258 | BT37: =+Cmg_Barra!BT37-Cmg_Cong!BT37 -> 27.205324 | BU37: 26.075865 | BV37: 25.964566 | BW37: 26.739663 | BX37: 26.982293 | BY37: 26.992217 | BZ37: 25.949156 | CA37: 25.169287 | CB37: 26.083393 | CC37: 25.552212 | CD37: 27.083444 | CE37: 25.032371 | CF37: 25.884795 | CG37: 29.862751 | CH37: 25.283516 | CI37: 26.129474 | CJ37: 26.072587 | CK37: 26.856258 | CL37: 27.587769 | CM37: 27.691738 | CN37: 27.264295 | CO37: =+Cmg_Barra!CO37-Cmg_Cong!CO37 -> 27.11363 | CP37: 27.691785 | CQ37: 26.812397 | CR37: 26.8805 | CS37: 26.548624 | CT37: 27.228068 | CU37: 27.260465 | CV37: 26.278684 | CW37: 26.820678 | CX37: 25.947554 | CY37: 26.810441 | CZ37: 26.063665 | DA37: 26.063665 | DB37: 26.248143 | DC37: 27.628489 | DD37: 27.838279 | DE37: 25.250238 | DF37: 24.497221 | DG37: 24.445699 | DH37: 23.828143 | DI37: 26.389325 | DJ37: 25.969067 | DK37: 25.925412 | DL37: 24.679461 | DM37: 29.636669 | DN37: 27.613548 | DO37: 27.585774 | DP37: 27.210381 | DQ37: 27.264295 | DR37: 26.083393 | DS37: 29.612208 | DT37: 26.075865 | DU37: 25.986583 | DV37: 29.351176 | DW37: 24.792981 | DX37: 24.797164 | DY37: 25.485569 | DZ37: 25.64232 | EA37: 24.625065 | EB37: 24.461367 | EC37: 26.139336 | ED37: 26.020201 | EE37: 25.970568 | EF37: 26.600413 | EG37: 24.836292 | EH37: 29.190071 | EI37: 26.468172 | EJ37: 30.125524 | EK37: 25.987372 | EL37: 26.022272 | EM37: 25.606678 | EN37: 26.319652 | EO37: 28.634855 | EP37: 28.634855 | EQ37: 27.058987 | ER37: 27.058493 | ES37: 25.806938 | ET37: 25.806938 | EU37: 27.22192 | EV37: 26.745844 | EW37: 25.548482 | EX37: 27.205324 | EY37: 27.205324 | EZ37: 27.641397 | FA37: 24.991335 | FB37: 27.11363 | FC37: 29.805608 | FD37: 24.178854 | FE37: 29.805608 | FF37: 27.057331 | FG37: 26.533717 | FH37: 27.031255 | FI37: 24.168822 | FJ37: 26.553884 | FK37: 25.524904 | FL37: 27.522625 | FM37: 27.436541 | FN37: 27.381644 | FO37: 26.553904 | FP37: 26.553884 | FQ37: 26.553897 | FR37: 30.440414 | FS37: 30.440414 | FT37: 28.673951 | FU37: 28.702934 | FV37: 28.601806 | FW37: 29.268941 | FX37: 26.368792 | FY37: 28.31216 | FZ37: 28.277932 | GA37: 27.390797 | GB37: 27.629219 | GC37: 26.751695 | GD37: 26.452278 | GE37: 26.397307 | GF37: 25.55053 | GG37: 24.544527 | GH37: 23.473554 | GI37: 23.563448 | GJ37: 26.4148 | GK37: 29.565706
B38: 43431.729 | C38: 26.491352 | D38: 26.546719 | E38: 26.524562 | F38: 26.491325 | G38: 26.497083 | H38: 27.237066 | I38: 27.61919 | J38: 27.488652 | K38: 27.067234 | L38: 26.61397 | M38: 27.665574 | N38: 27.138307 | O38: 26.776494 | P38: 27.845105 | Q38: 26.677364 | R38: 25.448328 | S38: 25.484404 | T38: 26.328169 | U38: 26.401566 | V38: 26.077385 | W38: 26.003535 | X38: 28.492658 | Y38: 24.98487 | Z38: 27.01027 | AA38: 26.404489 | AB38: 24.421615 | AC38: 26.180103 | AD38: 26.352928 | AE38: 24.56251 | AF38: 27.98292 | AG38: 26.390823 | AH38: 25.160449 | AI38: 25.244828 | AJ38: 27.750042 | AK38: 24.632112 | AL38: 23.027953 | AM38: 27.029205 | AN38: 26.450599 | AO38: 27.130929 | AP38: 26.54473 | AQ38: 25.461748 | AR38: 27.178503 | AS38: 25.946337 | AT38: 26.272796 | AU38: 26.042309 | AV38: 26.089461 | AW38: 26.065974 | AX38: 25.953513 | AY38: 27.982339 | AZ38: 27.906202 | BA38: 27.982121 | BB38: 27.982192 | BC38: 24.264646 | BD38: 26.536055 | BE38: 26.524335 | BF38: 27.712796 | BG38: 24.573604 | BH38: 24.573604 | BI38: 26.523305 | BJ38: 25.112418 | BK38: 27.138835 | BL38: 26.838139 | BM38: 26.838139 | BN38: 28.47349 | BO38: 27.538866 | BP38: 26.584386 | BQ38: 26.694758 | BR38: 26.987378 | BS38: 26.852326 | BT38: =+Cmg_Barra!BT38-Cmg_Cong!BT38 -> 27.138835 | BU38: 26.089461 | BV38: 25.978491 | BW38: 26.680557 | BX38: 26.921067 | BY38: 26.930303 | BZ38: 25.938259 | CA38: 25.190775 | CB38: 26.077385 | CC38: 25.536533 | CD38: 27.2036 | CE38: 24.998038 | CF38: 25.880355 | CG38: 30.078274 | CH38: 25.273659 | CI38: 26.1297 | CJ38: 26.073475 | CK38: 26.833142 | CL38: 27.884142 | CM38: 27.98298 | CN38: 27.525076 | CO38: =+Cmg_Barra!CO38-Cmg_Cong!CO38 -> 27.342427 | CP38: 27.983026 | CQ38: 26.776042 | CR38: 26.838139 | CS38: 26.54181 | CT38: 27.57306 | CU38: 27.609032 | CV38: 26.272801 | CW38: 26.786066 | CX38: 25.944784 | CY38: 26.774733 | CZ38: 26.065974 | DA38: 26.065974 | DB38: 26.240211 | DC38: 27.895786 | DD38: 28.107556 | DE38: 25.35869 | DF38: 24.46616 | DG38: 24.415081 | DH38: 23.790981 | DI38: 26.478629 | DJ38: 25.959654 | DK38: 25.915957 | DL38: 25.058926 | DM38: 29.850561 | DN38: 27.858525 | DO38: 27.830781 | DP38: 27.467857 | DQ38: 27.525076 | DR38: 26.077385 | DS38: 29.446343 | DT38: 26.089461 | DU38: 25.999639 | DV38: 29.340623 | DW38: 24.772609 | DX38: 24.770616 | DY38: 25.471951 | DZ38: 25.756082 | EA38: 24.577297 | EB38: 24.424528 | EC38: 26.108553 | ED38: 26.00017 | EE38: 25.955019 | EF38: 26.623122 | EG38: 24.801946 | EH38: 29.017838 | EI38: 26.464732 | EJ38: 29.976704 | EK38: 25.982277 | EL38: 26.017 | EM38: 25.591727 | EN38: 26.42412 | EO38: 28.47349 | EP38: 28.47349 | EQ38: 27.280898 | ER38: 27.280803 | ES38: 26.181397 | ET38: 26.181397 | EU38: 27.555928 | EV38: 26.871532 | EW38: 25.559616 | EX38: 27.138835 | EY38: 27.138835 | EZ38: 27.88123 | FA38: 24.976488 | FB38: 27.342427 | FC38: 30.020719 | FD38: 24.545604 | FE38: 30.020719 | FF38: 27.280577 | FG38: 26.524651 | FH38: 27.146348 | FI38: 24.132229 | FJ38: 26.547819 | FK38: 25.637712 | FL38: 27.741153 | FM38: 27.656166 | FN38: 27.602407 | FO38: 26.54784 | FP38: 26.547819 | FQ38: 26.547832 | FR38: 30.154156 | FS38: 30.154156 | FT38: 28.500308 | FU38: 28.528604 | FV38: 28.428378 | FW38: 29.094913 | FX38: 26.306696 | FY38: 28.548535 | FZ38: 28.5143 | GA38: 27.300884 | GB38: 27.892913 | GC38: 26.720675 | GD38: 26.446957 | GE38: 26.392223 | GF38: 25.510682 | GG38: 24.529751 | GH38: 23.428907 | GI38: 23.520033 | GJ38: 26.411678 | GK38: 29.398734
B39: 43431.75 | C39: 26.2778 | D39: 26.33235 | E39: 26.31052 | F39: 26.277774 | G39: 26.234622 | H39: 27.289165 | I39: 27.664225 | J39: 27.538044 | K39: 26.974629 | L39: 26.396707 | M39: 27.700335 | N39: 27.201183 | O39: 26.491023 | P39: 27.840539 | Q39: 26.684786 | R39: 25.290158 | S39: 25.32849 | T39: 26.039996 | U39: 26.102043 | V39: 25.816312 | W39: 25.758374 | X39: 28.408661 | Y39: 24.938428 | Z39: 26.928954 | AA39: 26.14089 | AB39: 24.225863 | AC39: 25.893724 | AD39: 26.063327 | AE39: 24.358552 | AF39: 27.990905 | AG39: 26.101264 | AH39: 25.153705 | AI39: 25.224941 | AJ39: 27.71167 | AK39: 24.431467 | AL39: 22.85057 | AM39: 27.003822 | AN39: 26.455865 | AO39: 27.078966 | AP39: 26.258902 | AQ39: 25.405534 | AR39: 26.889062 | AS39: 25.724775 | AT39: 26.022372 | AU39: 25.803332 | AV39: 25.855522 | AW39: 25.826356 | AX39: 25.715482 | AY39: 27.92351 | AZ39: 27.826241 | BA39: 27.923294 | BB39: 27.923364 | BC39: 24.09426 | BD39: 26.279131 | BE39: 26.267971 | BF39: 27.711856 | BG39: 24.363201 | BH39: 24.363201 | BI39: 26.491763 | BJ39: 24.767418 | BK39: 26.854289 | BL39: 26.793433 | BM39: 26.793433 | BN39: 28.227958 | BO39: 27.531585 | BP39: 26.292241 | BQ39: 26.555513 | BR39: 27.005664 | BS39: 26.860018 | BT39: =+Cmg_Barra!BT39-Cmg_Cong!BT39 -> 26.854289 | BU39: 25.855522 | BV39: 25.745791 | BW39: 26.461585 | BX39: 26.663431 | BY39: 26.672823 | BZ39: 25.843379 | CA39: 24.85116 | CB39: 25.816312 | CC39: 25.486646 | CD39: 26.964006 | CE39: 24.867816 | CF39: 25.701639 | CG39: 29.989603 | CH39: 25.192439 | CI39: 25.861 | CJ39: 25.80844 | CK39: 26.7627 | CL39: 27.900774 | CM39: 27.991067 | CN39: 27.517314 | CO39: =+Cmg_Barra!CO39-Cmg_Cong!CO39 -> 27.312326 | CP39: 27.991113 | CQ39: 26.717136 | CR39: 26.793433 | CS39: 26.262873 | CT39: 27.643099 | CU39: 27.681751 | CV39: 26.022377 | CW39: 26.522813 | CX39: 25.650767 | CY39: 26.511525 | CZ39: 25.826356 | DA39: 25.826356 | DB39: 26.058027 | DC39: 27.883171 | DD39: 28.087445 | DE39: 25.356509 | DF39: 24.252789 | DG39: 24.201725 | DH39: 23.600673 | DI39: 26.400985 | DJ39: 25.716912 | DK39: 25.678417 | DL39: 25.195198 | DM39: 29.762561 | DN39: 27.872124 | DO39: 27.84465 | DP39: 27.455858 | DQ39: 27.517314 | DR39: 25.816312 | DS39: 29.092112 | DT39: 25.855522 | DU39: 25.766399 | DV39: 29.023934 | DW39: 24.573561 | DX39: 24.574134 | DY39: 25.287849 | DZ39: 25.529237 | EA39: 24.390862 | EB39: 24.233727 | EC39: 25.991423 | ED39: 25.865005 | EE39: 25.812335 | EF39: 26.264197 | EG39: 24.668657 | EH39: 28.608706 | EI39: 26.202894 | EJ39: 29.542196 | EK39: 25.732115 | EL39: 25.766706 | EM39: 25.405835 | EN39: 26.347357 | EO39: 28.227958 | EP39: 28.227958 | EQ39: 27.23835 | ER39: 27.238293 | ES39: 26.470618 | ET39: 26.470618 | EU39: 27.623218 | EV39: 26.873116 | EW39: 25.259013 | EX39: 26.854289 | EY39: 26.854289 | EZ39: 27.87584 | FA39: 24.930122 | FB39: 27.312326 | FC39: 29.932217 | FD39: 24.625516 | FE39: 29.932217 | FF39: 27.238159 | FG39: 26.257072 | FH39: 27.050122 | FI39: 23.946181 | FJ39: 26.265105 | FK39: 25.632188 | FL39: 27.64731 | FM39: 27.611238 | FN39: 27.560702 | FO39: 26.265125 | FP39: 26.265105 | FQ39: 26.265118 | FR39: 29.498457 | FS39: 29.498457 | FT39: 28.096323 | FU39: 28.12521 | FV39: 28.024639 | FW39: 28.731384 | FX39: 26.096746 | FY39: 28.520619 | FZ39: 28.486474 | GA39: 27.077299 | GB39: 27.935827 | GC39: 26.45728 | GD39: 26.164081 | GE39: 26.109528 | GF39: 25.306617 | GG39: 24.355994 | GH39: 23.251616 | GI39: 23.341686 | GJ39: 26.142505 | GK39: 29.043242
B40: 43431.771 | C40: 26.905622 | D40: 26.969307 | E40: 26.943823 | F40: 26.905596 | G40: 26.469365 | H40: 27.588146 | I40: 27.980434 | J40: 27.843163 | K40: 26.947061 | L40: 27.07906 | M40: 28.04622 | N40: 27.556527 | O40: 27.296965 | P40: 28.175169 | Q40: 27.174231 | R40: 25.538427 | S40: 25.574979 | T40: 26.707511 | U40: 26.354726 | V40: 26.07689 | W40: 26.012807 | X40: 28.62708 | Y40: 25.116671 | Z40: 26.894603 | AA40: 26.415513 | AB40: 24.573195 | AC40: 26.599823 | AD40: 26.771805 | AE40: 24.59559 | AF40: 28.343731 | AG40: 26.77399 | AH40: 25.357359 | AI40: 25.428977 | AJ40: 28.03158 | AK40: 24.710737 | AL40: 23.201395 | AM40: 27.307262 | AN40: 26.785087 | AO40: 27.351589 | AP40: 26.513263 | AQ40: 25.739754 | AR40: 27.651009 | AS40: 25.953985 | AT40: 26.246064 | AU40: 26.040675 | AV40: 26.108859 | AW40: 26.064134 | AX40: 25.951819 | AY40: 28.205794 | AZ40: 28.020804 | BA40: 28.205575 | BB40: 28.205646 | BC40: 24.331365 | BD40: 26.780868 | BE40: 26.753406 | BF40: 28.141454 | BG40: 24.569464 | BH40: 24.569464 | BI40: 26.799081 | BJ40: 25.401539 | BK40: 27.606682 | BL40: 26.755753 | BM40: 26.755753 | BN40: 29.180684 | BO40: 27.856391 | BP40: 27.237875 | BQ40: 26.623857 | BR40: 27.536331 | BS40: 27.367054 | BT40: =+Cmg_Barra!BT40-Cmg_Cong!BT40 -> 27.606682 | BU40: 26.108859 | BV40: 25.99782 | BW40: 27.320239 | BX40: 27.363203 | BY40: 27.377553 | BZ40: 26.184336 | CA40: 25.480153 | CB40: 26.07689 | CC40: 25.61872 | CD40: 27.978956 | CE40: 25.381385 | CF40: 25.81922 | CG40: 30.397808 | CH40: 25.386565 | CI40: 26.034495 | CJ40: 25.95964 | CK40: 26.773391 | CL40: 28.250451 | CM40: 28.343885 | CN40: 27.842632 | CO40: =+Cmg_Barra!CO40-Cmg_Cong!CO40 -> 27.624365 | CP40: 28.343931 | CQ40: 26.668953 | CR40: 26.755753 | CS40: 26.512249 | CT40: 28.010669 | CU40: 28.051774 | CV40: 26.246069 | CW40: 27.085359 | CX40: 26.293711 | CY40: 27.068355 | CZ40: 26.064134 | DA40: 26.064134 | DB40: 26.371828 | DC40: 28.256342 | DD40: 28.488378 | DE40: 25.733501 | DF40: 24.529709 | DG40: 24.477653 | DH40: 24.098579 | DI40: 26.639567 | DJ40: 25.986204 | DK40: 25.949242 | DL40: 25.547103 | DM40: 30.619754 | DN40: 28.306664 | DO40: 28.287017 | DP40: 27.778553 | DQ40: 27.842632 | DR40: 26.07689 | DS40: 30.454825 | DT40: 26.108859 | DU40: 26.018777 | DV40: 26.464935 | DW40: 24.853613 | DX40: 24.88052 | DY40: 25.528626 | DZ40: 25.716189 | EA40: 24.7808 | EB40: 24.601237 | EC40: 26.207386 | ED40: 26.187943 | EE40: 26.179812 | EF40: 27.425002 | EG40: 25.171212 | EH40: 29.881915 | EI40: 26.459035 | EJ40: 30.805417 | EK40: 25.668324 | EL40: 25.764761 | EM40: 25.649677 | EN40: 26.605913 | EO40: 29.180684 | EP40: 29.180684 | EQ40: 27.55888 | ER40: 27.558472 | ES40: 26.872113 | ET40: 26.872113 | EU40: 27.993755 | EV40: 27.376555 | EW40: 25.877626 | EX40: 27.606682 | EY40: 27.606682 | EZ40: 28.24764 | FA40: 25.108276 | FB40: 27.624365 | FC40: 30.354553 | FD40: 24.946666 | FE40: 30.354553 | FF40: 27.557511 | FG40: 26.494829 | FH40: 27.311316 | FI40: 24.294223 | FJ40: 26.518335 | FK40: 26.003852 | FL40: 27.770706 | FM40: 27.910463 | FN40: 27.869393 | FO40: 26.518356 | FP40: 26.518335 | FQ40: 26.518348 | FR40: 31.028009 | FS40: 31.028009 | FT40: 29.37636 | FU40: 29.408027 | FV40: 29.303934 | FW40: 30.036546 | FX40: 26.691075 | FY40: 28.834324 | FZ40: 28.802912 | GA40: 27.983726 | GB40: 28.257037 | GC40: 26.998748 | GD40: 26.440324 | GE40: 26.385191 | GF40: 25.757187 | GG40: 24.59671 | GH40: 23.624125 | GI40: 23.709709 | GJ40: 26.419067 | GK40: 30.398158
B41: 43431.792 | C41: 27.099549 | D41: 27.16484 | E41: 27.138713 | F41: 27.099523 | G41: 26.597561 | H41: 27.576618 | I41: 27.959568 | J41: 27.824208 | K41: 26.971598 | L41: 27.297219 | M41: 28.045924 | N41: 27.570935 | O41: 27.707434 | P41: 28.160507 | Q41: 26.847471 | R41: 25.769125 | S41: 25.805269 | T41: 27.076776 | U41: 26.49795 | V41: 26.184179 | W41: 26.119209 | X41: 28.618771 | Y41: 25.068675 | Z41: 26.897774 | AA41: 26.57582 | AB41: 24.681614 | AC41: 27.030383 | AD41: 27.201661 | AE41: 24.677402 | AF41: 28.319735 | AG41: 27.14478 | AH41: 25.238854 | AI41: 25.332148 | AJ41: 28.026622 | AK41: 24.793419 | AL41: 23.305094 | AM41: 27.351765 | AN41: 26.848658 | AO41: 27.375612 | AP41: 26.675026 | AQ41: 25.958382 | AR41: 28.136723 | AS41: 26.023012 | AT41: 26.355915 | AU41: 26.149991 | AV41: 26.226494 | AW41: 26.174499 | AX41: 26.060747 | AY41: 28.232687 | AZ41: 28.022975 | BA41: 28.232467 | BB41: 28.232539 | BC41: 24.404077 | BD41: 27.078167 | BE41: 27.039051 | BF41: 27.992044 | BG41: 24.650721 | BH41: 24.650721 | BI41: 26.700223 | BJ41: 25.680678 | BK41: 28.083848 | BL41: 26.743348 | BM41: 26.743348 | BN41: 29.431056 | BO41: 27.83464 | BP41: 27.675215 | BQ41: 26.641919 | BR41: 27.251224 | BS41: 27.079417 | BT41: =+Cmg_Barra!BT41-Cmg_Cong!BT41 -> 28.083848 | BU41: 26.226494 | BV41: 26.115679 | BW41: 27.870009 | BX41: 27.793206 | BY41: 27.811846 | BZ41: 26.397975 | CA41: 25.760891 | CB41: 26.184179 | CC41: 25.585726 | CD41: 27.908784 | CE41: 25.571587 | CF41: 25.920866 | CG41: 30.388985 | CH41: 25.398168 | CI41: 26.133384 | CJ41: 26.047231 | CK41: 26.75148 | CL41: 28.230725 | CM41: 28.319729 | CN41: 27.826868 | CO41: =+Cmg_Barra!CO41-Cmg_Cong!CO41 -> 27.611205 | CP41: 28.319775 | CQ41: 26.647083 | CR41: 26.743348 | CS41: 26.661544 | CT41: 28.034699 | CU41: 28.078533 | CV41: 26.35592 | CW41: 27.428161 | CX41: 26.629417 | CY41: 27.40713 | CZ41: 26.174499 | DA41: 26.174499 | DB41: 26.57013 | DC41: 28.237912 | DD41: 28.468554 | DE41: 25.558898 | DF41: 24.617721 | DG41: 24.566706 | DH41: 24.241483 | DI41: 26.63846 | DJ41: 26.077557 | DK41: 26.036947 | DL41: 25.570451 | DM41: 30.610866 | DN41: 28.532641 | DO41: 28.532694 | DP41: 27.763981 | DQ41: 27.826868 | DR41: 26.184179 | DS41: 31.477982 | DT41: 26.226494 | DU41: 26.136619 | DV41: 26.64436 | DW41: 24.935361 | DX41: 24.972138 | DY41: 25.596045 | DZ41: 25.651692 | EA41: 24.89641 | EB41: 24.715937 | EC41: 26.430612 | ED41: 26.410648 | EE41: 26.402299 | EF41: 27.727168 | EG41: 25.355683 | EH41: 30.823977 | EI41: 26.605392 | EJ41: 31.69635 | EK41: 25.614049 | EL41: 25.705525 | EM41: 25.717834 | EN41: 26.603193 | EO41: 29.431056 | EP41: 29.431056 | EQ41: 27.549341 | ER41: 27.549047 | ES41: 26.947983 | ET41: 26.947983 | EU41: 28.011062 | EV41: 27.109548 | EW41: 26.182665 | EX41: 28.083848 | EY41: 28.083848 | EZ41: 28.308817 | FA41: 25.060271 | FB41: 27.611205 | FC41: 30.345742 | FD41: 24.958051 | FE41: 30.345742 | FF41: 27.548355 | FG41: 26.628397 | FH41: 27.315224 | FI41: 24.403868 | FJ41: 26.672853 | FK41: 25.841349 | FL41: 27.758182 | FM41: 27.893311 | FN41: 27.847938 | FO41: 26.672874 | FP41: 26.672853 | FQ41: 26.672866 | FR41: 32.201576 | FS41: 32.201576 | FT41: 30.317551 | FU41: 30.350969 | FV41: 30.244088 | FW41: 31.026035 | FX41: 26.875181 | FY41: 28.801914 | FZ41: 28.771724 | GA41: 28.287003 | GB41: 28.228872 | GC41: 27.325068 | GD41: 26.604809 | GE41: 26.549358 | GF41: 25.909927 | GG41: 24.669165 | GH41: 23.748334 | GI41: 23.831383 | GJ41: 26.582773 | GK41: 31.416757
B42: 43431.813 | C42: 27.141328 | D42: 27.205716 | E42: 27.179951 | F42: 27.141302 | G42: 26.619047 | H42: 27.530066 | I42: 27.922392 | J42: 27.781478 | K42: 26.986011 | L42: 27.331394 | M42: 28.073243 | N42: 27.590824 | O42: 27.773523 | P42: 28.142328 | Q42: 26.850531 | R42: 25.887284 | S42: 25.919947 | T42: 27.151619 | U42: 26.517332 | V42: 26.180767 | W42: 26.1271 | X42: 28.65026 | Y42: 25.075372 | Z42: 26.912643 | AA42: 26.598156 | AB42: 24.726298 | AC42: 27.110132 | AD42: 27.280533 | AE42: 24.71834 | AF42: 28.309903 | AG42: 27.219843 | AH42: 25.228493 | AI42: 25.327101 | AJ42: 28.044162 | AK42: 24.832521 | AL42: 23.352689 | AM42: 27.355557 | AN42: 26.838174 | AO42: 27.383751 | AP42: 26.696546 | AQ42: 25.996836 | AR42: 28.216222 | AS42: 26.04291 | AT42: 26.376253 | AU42: 26.169592 | AV42: 26.246707 | AW42: 26.194114 | AX42: 26.080257 | AY42: 28.250792 | AZ42: 28.039253 | BA42: 28.250573 | BB42: 28.250644 | BC42: 24.405353 | BD42: 27.126804 | BE42: 27.084568 | BF42: 28.016768 | BG42: 24.692614 | BH42: 24.692614 | BI42: 26.717037 | BJ42: 25.706178 | BK42: 28.162858 | BL42: 26.762304 | BM42: 26.762304 | BN42: 29.442065 | BO42: 27.841446 | BP42: 27.75546 | BQ42: 26.655176 | BR42: 27.25623 | BS42: 27.084129 | BT42: =+Cmg_Barra!BT42-Cmg_Cong!BT42 -> 28.162858 | BU42: 26.246707 | BV42: 26.135623 | BW42: 27.954591 | BX42: 27.8695 | BY42: 27.88861 | BZ42: 26.437254 | CA42: 25.790075 | CB42: 26.180767 | CC42: 25.597882 | CD42: 27.930169 | CE42: 25.620144 | CF42: 25.92993 | CG42: 30.422422 | CH42: 25.408357 | CI42: 26.148834 | CJ42: 26.061785 | CK42: 26.769863 | CL42: 28.222412 | CM42: 28.310012 | CN42: 27.831372 | CO42: =+Cmg_Barra!CO42-Cmg_Cong!CO42 -> 27.620995 | CP42: 28.310059 | CQ42: 26.663006 | CR42: 26.762304 | CS42: 26.682266 | CT42: 28.05284 | CU42: 28.097798 | CV42: 26.376258 | CW42: 27.482679 | CX42: 26.704054 | CY42: 27.461349 | CZ42: 26.194114 | DA42: 26.194114 | DB42: 26.603282 | DC42: 28.252164 | DD42: 28.492234 | DE42: 25.547381 | DF42: 24.683367 | DG42: 24.630975 | DH42: 24.298133 | DI42: 26.67366 | DJ42: 26.057941 | DK42: 26.015705 | DL42: 25.560581 | DM42: 30.644547 | DN42: 28.551415 | DO42: 28.551469 | DP42: 27.770165 | DQ42: 27.831372 | DR42: 26.180767 | DS42: 31.612643 | DT42: 26.246707 | DU42: 26.156603 | DV42: 26.668472 | DW42: 24.972424 | DX42: 25.009445 | DY42: 25.61521 | DZ42: 25.671347 | EA42: 24.939065 | EB42: 24.762124 | EC42: 26.48536 | ED42: 26.460325 | EE42: 26.449868 | EF42: 27.75858 | EG42: 25.404473 | EH42: 30.939748 | EI42: 26.622323 | EJ42: 31.815065 | EK42: 25.647272 | EL42: 25.736334 | EM42: 25.740035 | EN42: 26.627808 | EO42: 29.442065 | EP42: 29.442065 | EQ42: 27.55965 | ER42: 27.559496 | ES42: 26.907286 | ET42: 26.907286 | EU42: 28.027297 | EV42: 27.115002 | EW42: 26.261339 | EX42: 28.162858 | EY42: 28.162858 | EZ42: 28.327917 | FA42: 25.066958 | FB42: 27.620995 | FC42: 30.379131 | FD42: 24.965539 | FE42: 30.379131 | FF42: 27.559133 | FG42: 26.649834 | FH42: 27.361121 | FI42: 24.449573 | FJ42: 26.693341 | FK42: 25.838 | FL42: 27.774429 | FM42: 27.908794 | FN42: 27.862936 | FO42: 26.693362 | FP42: 26.693341 | FQ42: 26.693354 | FR42: 32.203994 | FS42: 32.203994 | FT42: 30.43431 | FU42: 30.467886 | FV42: 30.360872 | FW42: 31.155538 | FX42: 26.918565 | FY42: 28.836875 | FZ42: 28.804527 | GA42: 28.295696 | GB42: 28.199015 | GC42: 27.378832 | GD42: 26.626613 | GE42: 26.570909 | GF42: 25.970476 | GG42: 24.670675 | GH42: 23.804924 | GI42: 23.886162 | GJ42: 26.605648 | GK42: 31.55072
B43: 43431.833 | C43: 27.189299 | D43: 27.253369 | E43: 27.227731 | F43: 27.189273 | G43: 26.659224 | H43: 27.591134 | I43: 27.994422 | J43: 27.851429 | K43: 27.036477 | L43: 27.377885 | M43: 28.123156 | N43: 27.634788 | O43: 27.768088 | P43: 28.201953 | Q43: 26.885777 | R43: 25.735751 | S43: 25.776078 | T43: 27.154548 | U43: 26.564377 | V43: 26.25748 | W43: 26.18589 | X43: 28.723721 | Y43: 25.108331 | Z43: 26.966654 | AA43: 26.639834 | AB43: 24.75832 | AC43: 27.122798 | AD43: 27.293425 | AE43: 24.738028 | AF43: 28.390057 | AG43: 27.22327 | AH43: 25.252918 | AI43: 25.356568 | AJ43: 28.11209 | AK43: 24.856394 | AL43: 23.376598 | AM43: 27.414241 | AN43: 26.898623 | AO43: 27.431322 | AP43: 26.739767 | AQ43: 26.019421 | AR43: 28.253807 | AS43: 26.085937 | AT43: 26.417308 | AU43: 26.213266 | AV43: 26.294098 | AW43: 26.23784 | AX43: 26.123779 | AY43: 28.30796 | AZ43: 28.101838 | BA43: 28.30774 | BB43: 28.307811 | BC43: 24.460155 | BD43: 27.154515 | BE43: 27.114742 | BF43: 28.066516 | BG43: 24.706393 | BH43: 24.706393 | BI43: 26.773511 | BJ43: 25.687292 | BK43: 28.201887 | BL43: 26.814346 | BM43: 26.814346 | BN43: 29.473369 | BO43: 27.913094 | BP43: 27.768576 | BQ43: 26.700897 | BR43: 27.288698 | BS43: 27.118869 | BT43: =+Cmg_Barra!BT43-Cmg_Cong!BT43 -> 28.201887 | BU43: 26.294098 | BV43: 26.182851 | BW43: 27.984592 | BX43: 27.916466 | BY43: 27.935539 | BZ43: 26.467108 | CA43: 25.772322 | CB43: 26.25748 | CC43: 25.633881 | CD43: 27.931119 | CE43: 25.644363 | CF43: 25.976505 | CG43: 30.500427 | CH43: 25.443572 | CI43: 26.208123 | CJ43: 26.124307 | CK43: 26.822018 | CL43: 28.300232 | CM43: 28.390262 | CN43: 27.90037 | CO43: =+Cmg_Barra!CO43-Cmg_Cong!CO43 -> 27.688814 | CP43: 28.390309 | CQ43: 26.713262 | CR43: 26.814346 | CS43: 26.723974 | CT43: 28.097408 | CU43: 28.141331 | CV43: 26.417313 | CW43: 27.51729 | CX43: 26.694551 | CY43: 27.495657 | CZ43: 26.23784 | DA43: 26.23784 | DB43: 26.639586 | DC43: 28.320312 | DD43: 28.560577 | DE43: 25.589651 | DF43: 24.704025 | DG43: 24.651266 | DH43: 24.343583 | DI43: 26.765527 | DJ43: 26.150504 | DK43: 26.110293 | DL43: 25.57939 | DM43: 30.723122 | DN43: 28.6118 | DO43: 28.611854 | DP43: 27.839245 | DQ43: 27.90037 | DR43: 26.25748 | DS43: 31.681685 | DT43: 26.294098 | DU43: 26.204289 | DV43: 26.710965 | DW43: 24.996611 | DX43: 25.036186 | DY43: 25.655392 | DZ43: 25.67222 | EA43: 24.959895 | EB43: 24.789806 | EC43: 26.473372 | ED43: 26.473571 | EE43: 26.473602 | EF43: 27.739472 | EG43: 25.428827 | EH43: 30.998622 | EI43: 26.66253 | EJ43: 31.841819 | EK43: 25.706562 | EL43: 25.793401 | EM43: 25.778423 | EN43: 26.709437 | EO43: 29.473369 | EP43: 29.473369 | EQ43: 27.628411 | ER43: 27.628449 | ES43: 26.890227 | ET43: 26.890227 | EU43: 28.075044 | EV43: 27.150747 | EW43: 26.236774 | EX43: 28.201887 | EY43: 28.201887 | EZ43: 28.394587 | FA43: 25.099845 | FB43: 27.688814 | FC43: 30.457025 | FD43: 24.992235 | FE43: 30.457025 | FF43: 27.628539 | FG43: 26.689699 | FH43: 27.443262 | FI43: 24.478184 | FJ43: 26.735663 | FK43: 25.88154 | FL43: 27.843131 | FM43: 27.977902 | FN43: 27.931457 | FO43: 26.735684 | FP43: 26.735663 | FQ43: 26.735677 | FR43: 32.275002 | FS43: 32.275002 | FT43: 30.488315 | FU43: 30.521387 | FV43: 30.414612 | FW43: 31.224082 | FX43: 26.96926 | FY43: 28.913933 | FZ43: 28.885758 | GA43: 28.350461 | GB43: 28.280051 | GC43: 27.410677 | GD43: 26.669353 | GE43: 26.613593 | GF43: 26.019054 | GG43: 24.726138 | GH43: 23.836346 | GI43: 23.916941 | GJ43: 26.647057 | GK43: 31.619694
B44: 43431.854 | C44: 27.126216 | D44: 27.187912 | E44: 27.163223 | F44: 27.126189 | G44: 26.635635 | H44: 27.604017 | I44: 28.000233 | J44: 27.859619 | K44: 27.000923 | L44: 27.312021 | M44: 28.119472 | N44: 27.632309 | O44: 27.694261 | P44: 28.216725 | Q44: 26.829223 | R44: 25.686067 | S44: 25.727589 | T44: 27.115109 | U44: 26.54033 | V44: 26.239811 | W44: 26.163735 | X44: 28.708724 | Y44: 25.079548 | Z44: 26.932913 | AA44: 26.611679 | AB44: 24.729957 | AC44: 27.08033 | AD44: 27.250623 | AE44: 24.679516 | AF44: 28.390794 | AG44: 27.18544 | AH44: 25.234391 | AI44: 25.337871 | AJ44: 28.104151 | AK44: 24.709533 | AL44: 23.365979 | AM44: 27.386561 | AN44: 26.868539 | AO44: 27.408848 | AP44: 26.710888 | AQ44: 25.988291 | AR44: 28.202273 | AS44: 26.065924 | AT44: 26.395256 | AU44: 26.192458 | AV44: 26.274568 | AW44: 26.216957 | AX44: 26.103207 | AY44: 28.280391 | AZ44: 28.081877 | BA44: 28.280173 | BB44: 28.280244 | BC44: 24.420824 | BD44: 27.122174 | BE44: 27.082116 | BF44: 28.029033 | BG44: 24.653915 | BH44: 24.653915 | BI44: 26.75077 | BJ44: 25.66998 | BK44: 28.153245 | BL44: 26.785107 | BM44: 26.785107 | BN44: 29.3246 | BO44: 27.917788 | BP44: 27.725029 | BQ44: 26.677321 | BR44: 27.221465 | BS44: 27.059056 | BT44: =+Cmg_Barra!BT44-Cmg_Cong!BT44 -> 28.153245 | BU44: 26.274568 | BV44: 26.164131 | BW44: 27.918963 | BX44: 27.883758 | BY44: 27.90148 | BZ44: 26.437854 | CA44: 25.753908 | CB44: 26.239811 | CC44: 25.604889 | CD44: 27.914448 | CE44: 25.620042 | CF44: 25.947502 | CG44: 30.484502 | CH44: 25.412538 | CI44: 26.196348 | CJ44: 26.115869 | CK44: 26.796685 | CL44: 28.299987 | CM44: 28.38988 | CN44: 27.903011 | CO44: =+Cmg_Barra!CO44-Cmg_Cong!CO44 -> 27.688526 | CP44: 28.389926 | CQ44: 26.683822 | CR44: 26.785107 | CS44: 26.696252 | CT44: 28.077298 | CU44: 28.117687 | CV44: 26.395262 | CW44: 27.477876 | CX44: 26.660776 | CY44: 27.456666 | CZ44: 26.216957 | DA44: 26.216957 | DB44: 26.608602 | DC44: 28.322261 | DD44: 28.560859 | DE44: 25.554555 | DF44: 24.196896 | DG44: 24.134302 | DH44: 24.321855 | DI44: 26.785345 | DJ44: 26.132675 | DK44: 26.093068 | DL44: 25.593028 | DM44: 30.707081 | DN44: 28.606559 | DO44: 28.606613 | DP44: 27.84178 | DQ44: 27.903011 | DR44: 26.239811 | DS44: 31.565186 | DT44: 26.274568 | DU44: 26.18507 | DV44: 26.681089 | DW44: 24.923454 | DX44: 24.985306 | DY44: 25.630268 | DZ44: 25.656898 | EA44: 24.958429 | EB44: 24.771472 | EC44: 26.445399 | ED44: 26.445433 | EE44: 26.445396 | EF44: 27.719652 | EG44: 25.405564 | EH44: 30.886071 | EI44: 26.633749 | EJ44: 31.646121 | EK44: 25.707566 | EL44: 25.791971 | EM44: 25.758495 | EN44: 26.721898 | EO44: 29.3246 | EP44: 29.3246 | EQ44: 27.632083 | ER44: 27.63194 | ES44: 26.849473 | ET44: 26.849473 | EU44: 28.058324 | EV44: 27.093382 | EW44: 26.208119 | EX44: 28.153245 | EY44: 28.153245 | EZ44: 28.381874 | FA44: 25.071149 | FB44: 27.688526 | FC44: 30.441123 | FD44: 25.030733 | FE44: 30.441123 | FF44: 27.631603 | FG44: 26.664123 | FH44: 27.451668 | FI44: 24.454544 | FJ44: 26.707228 | FK44: 25.846609 | FL44: 27.831886 | FM44: 27.972603 | FN44: 27.928261 | FO44: 26.707249 | FP44: 26.707228 | FQ44: 26.707242 | FR44: 32.07904 | FS44: 32.07904 | FT44: 30.379253 | FU44: 30.411695 | FV44: 30.306271 | FW44: 31.109717 | FX44: 26.914991 | FY44: 28.889031 | FZ44: 28.856176 | GA44: 28.252255 | GB44: 28.277941 | GC44: 27.372888 | GD44: 26.64051 | GE44: 26.584869 | GF44: 25.99583 | GG44: 24.685818 | GH44: 23.80723 | GI44: 23.889034 | GJ44: 26.61841 | GK44: 31.503484
B45: 43431.875 | C45: 26.97137 | D45: 27.030581 | E45: 27.006887 | F45: 26.971344 | G45: 26.566064 | H45: 27.670365 | I45: 28.064374 | J45: 27.928797 | K45: 26.993065 | L45: 27.156737 | M45: 28.100747 | N45: 27.596467 | O45: 27.542642 | P45: 28.269705 | Q45: 26.877684 | R45: 25.552193 | S45: 25.595659 | T45: 26.993404 | U45: 26.467063 | V45: 26.166266 | W45: 26.098949 | X45: 28.738664 | Y45: 25.111966 | Z45: 26.933683 | AA45: 26.537944 | AB45: 24.649054 | AC45: 26.953529 | AD45: 27.121732 | AE45: 24.58831 | AF45: 28.416985 | AG45: 27.061242 | AH45: 25.287617 | AI45: 25.384225 | AJ45: 28.114858 | AK45: 24.605753 | AL45: 23.283884 | AM45: 27.353556 | AN45: 26.832239 | AO45: 27.381251 | AP45: 26.634382 | AQ45: 25.908973 | AR45: 28.065084 | AS45: 26.003716 | AT45: 26.327784 | AU45: 26.129726 | AV45: 26.21585 | AW45: 26.154096 | AX45: 26.040959 | AY45: 28.249 | AZ45: 28.071231 | BA45: 28.248782 | BB45: 28.248853 | BC45: 24.40676 | BD45: 27.016705 | BE45: 26.979659 | BF45: 28.057866 | BG45: 24.557555 | BH45: 24.557555 | BI45: 26.787073 | BJ45: 25.567698 | BK45: 28.018607 | BL45: 26.798968 | BM45: 26.798968 | BN45: 29.084467 | BO45: 27.940069 | BP45: 27.593894 | BQ45: 26.66862 | BR45: 27.254954 | BS45: 27.09793 | BT45: =+Cmg_Barra!BT45-Cmg_Cong!BT45 -> 28.018607 | BU45: 26.21585 | BV45: 26.105762 | BW45: 27.768116 | BX45: 27.763177 | BY45: 27.779961 | BZ45: 26.351413 | CA45: 25.650897 | CB45: 26.166266 | CC45: 25.62872 | CD45: 27.845402 | CE45: 25.494959 | CF45: 25.89917 | CG45: 30.516294 | CH45: 25.415642 | CI45: 26.120939 | CJ45: 26.039479 | CK45: 26.805772 | CL45: 28.32848 | CM45: 28.417265 | CN45: 27.926791 | CO45: =+Cmg_Barra!CO45-Cmg_Cong!CO45 -> 27.70828 | CP45: 28.417311 | CQ45: 26.695555 | CR45: 26.798968 | CS45: 26.621558 | CT45: 28.049169 | CU45: 28.08821 | CV45: 26.327789 | CW45: 27.364862 | CX45: 26.544173 | CY45: 27.344302 | CZ45: 26.154096 | DA45: 26.154096 | DB45: 26.526342 | DC45: 28.325801 | DD45: 28.549701 | DE45: 25.595647 | DF45: 24.026633 | DG45: 23.979756 | DH45: 24.216359 | DI45: 26.808729 | DJ45: 26.056979 | DK45: 26.017034 | DL45: 25.502816 | DM45: 30.739105 | DN45: 28.594066 | DO45: 28.594119 | DP45: 27.864351 | DQ45: 27.926791 | DR45: 26.166266 | DS45: 31.312511 | DT45: 26.21585 | DU45: 26.125899 | DV45: 26.602671 | DW45: 24.83697 | DX45: 24.904207 | DY45: 25.590135 | DZ45: 25.593436 | EA45: 24.863234 | EB45: 24.683555 | EC45: 26.346825 | ED45: 26.348698 | EE45: 26.349424 | EF45: 27.608779 | EG45: 25.283969 | EH45: 30.651884 | EI45: 26.560494 | EJ45: 31.407628 | EK45: 25.600679 | EL45: 25.68988 | EM45: 25.714251 | EN45: 26.746433 | EO45: 29.084467 | EP45: 29.084467 | EQ45: 27.654397 | ER45: 27.653897 | ES45: 26.705009 | ET45: 26.705009 | EU45: 28.035673 | EV45: 27.129962 | EW45: 26.09572 | EX45: 28.018607 | EY45: 28.018607 | EZ45: 28.375986 | FA45: 25.103596 | FB45: 27.70828 | FC45: 30.47287 | FD45: 24.970766 | FE45: 30.47287 | FF45: 27.652721 | FG45: 26.593241 | FH45: 27.489014 | FI45: 24.3727 | FJ45: 26.631269 | FK45: 25.885874 | FL45: 27.839492 | FM45: 27.985806 | FN45: 27.943294 | FO45: 26.63129 | FP45: 26.631269 | FQ45: 26.631282 | FR45: 31.945713 | FS45: 31.945713 | FT45: 30.148103 | FU45: 30.180744 | FV45: 30.075348 | FW45: 30.863687 | FX45: 26.769476 | FY45: 28.904967 | FZ45: 28.875652 | GA45: 28.053919 | GB45: 28.347793 | GC45: 27.262576 | GD45: 26.564371 | GE45: 26.508986 | GF45: 25.883074 | GG45: 24.670271 | GH45: 23.7266 | GI45: 23.808261 | GJ45: 26.543839 | GK45: 31.251709
B46: 43431.896 | C46: 26.852785 | D46: 26.909328 | E46: 26.886701 | F46: 26.852759 | G46: 26.539079 | H46: 27.876123 | I46: 28.17598 | J46: 28.060999 | K46: 27.209913 | L46: 27.024063 | M46: 28.093878 | N46: 27.575924 | O46: 27.378207 | P46: 28.319651 | Q46: 26.80972 | R46: 25.643518 | S46: 25.678847 | T46: 26.87194 | U46: 26.436962 | V46: 26.165549 | W46: 26.088126 | X46: 28.771487 | Y46: 25.153095 | Z46: 27.16468 | AA46: 26.502278 | AB46: 24.61615 | AC46: 26.807966 | AD46: 26.976573 | AE46: 24.574899 | AF46: 28.461758 | AG46: 26.941575 | AH46: 25.351275 | AI46: 25.44123 | AJ46: 28.140345 | AK46: 24.611263 | AL46: 23.243913 | AM46: 27.342271 | AN46: 26.812155 | AO46: 27.378472 | AP46: 26.599522 | AQ46: 25.87716 | AR46: 27.888672 | AS46: 25.981994 | AT46: 26.307686 | AU46: 26.108055 | AV46: 26.194933 | AW46: 26.132422 | AX46: 26.019308 | AY46: 28.246489 | AZ46: 28.088407 | BA46: 28.246272 | BB46: 28.246342 | BC46: 24.399065 | BD46: 26.932239 | BE46: 26.898918 | BF46: 28.026258 | BG46: 24.546044 | BH46: 24.546044 | BI46: 26.78131 | BJ46: 25.520207 | BK46: 27.845071 | BL46: 27.044135 | BM46: 27.044135 | BN46: 28.867988 | BO46: 27.977029 | BP46: 27.446208 | BQ46: 26.810395 | BR46: 27.171863 | BS46: 27.02425 | BT46: =+Cmg_Barra!BT46-Cmg_Cong!BT46 -> 27.845071 | BU46: 26.194933 | BV46: 26.084799 | BW46: 27.568629 | BX46: 27.605533 | BY46: 27.620824 | BZ46: 26.305913 | CA46: 25.600134 | CB46: 26.165549 | CC46: 25.720544 | CD46: 27.845996 | CE46: 25.42008 | CF46: 25.884243 | CG46: 30.551147 | CH46: 25.428682 | CI46: 26.100582 | CJ46: 26.021417 | CK46: 27.010575 | CL46: 28.371775 | CM46: 28.46197 | CN46: 27.964051 | CO46: =+Cmg_Barra!CO46-Cmg_Cong!CO46 -> 27.74168 | CP46: 28.462016 | CQ46: 26.93771 | CR46: 27.044135 | CS46: 26.587718 | CT46: 28.028069 | CU46: 28.063925 | CV46: 26.307692 | CW46: 27.258504 | CX46: 26.440673 | CY46: 27.239511 | CZ46: 26.132422 | DA46: 26.132422 | DB46: 26.483115 | DC46: 28.346967 | DD46: 28.552308 | DE46: 25.561853 | DF46: 24.100222 | DG46: 24.03788 | DH46: 24.151224 | DI46: 26.850055 | DJ46: 26.07143 | DK46: 26.038835 | DL46: 25.422598 | DM46: 30.774213 | DN46: 28.596747 | DO46: 28.5968 | DP46: 27.900983 | DQ46: 27.964051 | DR46: 26.165549 | DS46: 30.909914 | DT46: 26.194933 | DU46: 26.105089 | DV46: 26.565472 | DW46: 24.825828 | DX46: 24.885236 | DY46: 25.582615 | DZ46: 25.593982 | EA46: 24.823958 | EB46: 24.644522 | EC46: 26.290147 | ED46: 26.292516 | EE46: 26.293448 | EF46: 27.554141 | EG46: 25.211632 | EH46: 30.273143 | EI46: 26.525058 | EJ46: 31.064571 | EK46: 25.598541 | EL46: 25.686291 | EM46: 25.704486 | EN46: 26.783905 | EO46: 28.867988 | EP46: 28.867988 | EQ46: 27.688914 | ER46: 27.68838 | ES46: 26.549449 | ET46: 26.549449 | EU46: 28.018246 | EV46: 27.058454 | EW46: 26.009086 | EX46: 27.845071 | EY46: 27.845071 | EZ46: 28.392244 | FA46: 25.144695 | FB46: 27.74168 | FC46: 30.507674 | FD46: 24.915385 | FE46: 30.507674 | FF46: 27.687125 | FG46: 26.562772 | FH46: 27.519697 | FI46: 24.336933 | FJ46: 26.596316 | FK46: 25.856187 | FL46: 27.875777 | FM46: 28.015746 | FN46: 27.974081 | FO46: 26.596337 | FP46: 26.596316 | FQ46: 26.59633 | FR46: 31.33206 | FS46: 31.33206 | FT46: 29.76621 | FU46: 29.798458 | FV46: 29.693318 | FW46: 30.466737 | FX46: 26.661022 | FY46: 28.932341 | FZ46: 28.90191 | GA46: 27.845925 | GB46: 28.408542 | GC46: 27.162967 | GD46: 26.528972 | GE46: 26.473574 | GF46: 25.813456 | GG46: 24.663223 | GH46: 23.678873 | GI46: 23.762504 | GJ46: 26.507872 | GK46: 30.849876
B47: 43431.917 | C47: 26.599825 | D47: 26.652786 | E47: 26.631591 | F47: 26.599799 | G47: 26.378162 | H47: 27.894881 | I47: 28.099221 | J47: 28.008814 | K47: 27.096176 | L47: 26.750216 | M47: 27.916124 | N47: 27.397133 | O47: 27.105246 | P47: 28.183636 | Q47: 26.700416 | R47: 25.588385 | S47: 25.619853 | T47: 26.652654 | U47: 26.287275 | V47: 26.035394 | W47: 25.955369 | X47: 28.62665 | Y47: 25.106548 | Z47: 27.080375 | AA47: 26.347618 | AB47: 24.479845 | AC47: 26.573634 | AD47: 26.741261 | AE47: 24.445517 | AF47: 28.321367 | AG47: 26.720348 | AH47: 25.336636 | AI47: 25.414106 | AJ47: 28.012655 | AK47: 24.493116 | AL47: 23.120336 | AM47: 27.149101 | AN47: 26.608257 | AO47: 27.198023 | AP47: 26.438342 | AQ47: 25.724809 | AR47: 27.636546 | AS47: 25.890576 | AT47: 26.150704 | AU47: 25.969319 | AV47: 26.05649 | AW47: 25.992378 | AX47: 25.881344 | AY47: 28.061869 | AZ47: 27.939328 | BA47: 28.061652 | BB47: 28.061722 | BC47: 24.26987 | BD47: 26.738854 | BE47: 26.709845 | BF47: 27.886507 | BG47: 24.415268 | BH47: 24.415268 | BI47: 26.697715 | BJ47: 25.36386 | BK47: 27.597392 | BL47: 27.004336 | BM47: 27.004336 | BN47: 28.492275 | BO47: 27.840002 | BP47: 27.2068 | BQ47: 26.727899 | BR47: 27.047806 | BS47: 26.909291 | BT47: =+Cmg_Barra!BT47-Cmg_Cong!BT47 -> 27.597392 | BU47: 26.05649 | BV47: 25.94712 | BW47: 27.28316 | BX47: 27.382356 | BY47: 27.395586 | BZ47: 26.144797 | CA47: 25.440094 | CB47: 26.035394 | CC47: 25.671223 | CD47: 27.809538 | CE47: 25.213246 | CF47: 25.771232 | CG47: 30.397351 | CH47: 25.346843 | CI47: 25.98065 | CJ47: 25.909148 | CK47: 26.958125 | CL47: 28.231242 | CM47: 28.321646 | CN47: 27.830565 | CO47: =+Cmg_Barra!CO47-Cmg_Cong!CO47 -> 27.616039 | CP47: 28.321691 | CQ47: 26.896868 | CR47: 27.004336 | CS47: 26.426049 | CT47: 27.827556 | CU47: 27.859566 | CV47: 26.15071 | CW47: 27.051833 | CX47: 26.237383 | CY47: 27.033796 | CZ47: 25.992378 | DA47: 25.992378 | DB47: 26.319317 | DC47: 28.172868 | DD47: 28.347761 | DE47: 25.475875 | DF47: 23.994521 | DG47: 23.93248 | DH47: 23.983572 | DI47: 26.765805 | DJ47: 25.948289 | DK47: 25.918054 | DL47: 25.249936 | DM47: 30.619294 | DN47: 28.445021 | DO47: 28.445074 | DP47: 27.770084 | DQ47: 27.830565 | DR47: 26.035394 | DS47: 30.468755 | DT47: 26.05649 | DU47: 25.967343 | DV47: 26.400699 | DW47: 24.70536 | DX47: 24.757677 | DY47: 25.463641 | DZ47: 25.560472 | EA47: 24.668654 | EB47: 24.499628 | EC47: 26.164674 | ED47: 26.140777 | EE47: 26.130795 | EF47: 27.381885 | EG47: 25.009524 | EH47: 29.855465 | EI47: 26.372022 | EJ47: 30.689023 | EK47: 25.282097 | EL47: 25.35974 | EM47: 25.583218 | EN47: 26.691611 | EO47: 28.492275 | EP47: 28.492275 | EQ47: 27.565943 | ER47: 27.565548 | ES47: 26.259838 | ET47: 26.259838 | EU47: 27.82742 | EV47: 26.945622 | EW47: 25.820177 | EX47: 27.597392 | EY47: 27.597392 | EZ47: 28.242617 | FA47: 25.098299 | FB47: 27.616039 | FC47: 30.354097 | FD47: 24.789368 | FE47: 30.354097 | FF47: 27.56462 | FG47: 26.39838 | FH47: 27.435552 | FI47: 24.199373 | FJ47: 26.435538 | FK47: 25.765953 | FL47: 27.750615 | FM47: 27.890627 | FN47: 27.849009 | FO47: 26.435559 | FP47: 26.435538 | FQ47: 26.435551 | FR47: 30.73813 | FS47: 30.73813 | FT47: 29.343744 | FU47: 29.37472 | FV47: 29.271009 | FW47: 30.048896 | FX47: 26.41919 | FY47: 28.777614 | FZ47: 28.753721 | GA47: 27.496728 | GB47: 28.277421 | GC47: 26.961174 | GD47: 26.368378 | GE47: 26.313226 | GF47: 25.634265 | GG47: 24.531612 | GH47: 23.540364 | GI47: 23.624476 | GJ47: 26.351875 | GK47: 30.411874
B48: 43431.938 | C48: 26.396297 | D48: 26.444301 | E48: 26.425089 | F48: 26.396271 | G48: 26.320128 | H48: 28.129227 | I48: 28.235138 | J48: 28.170194 | K48: 27.13045 | L48: 26.539871 | M48: 27.937062 | N48: 27.389072 | O48: 26.883264 | P48: 28.21874 | Q48: 26.889246 | R48: 25.628282 | S48: 25.657269 | T48: 26.483729 | U48: 26.2045 | V48: 25.950457 | W48: 25.88337 | X48: 28.754412 | Y48: 25.13225 | Z48: 27.099761 | AA48: 26.266336 | AB48: 24.387824 | AC48: 26.372366 | AD48: 26.540347 | AE48: 24.350765 | AF48: 28.361121 | AG48: 26.550434 | AH48: 25.412658 | AI48: 25.47706 | AJ48: 28.070446 | AK48: 24.415548 | AL48: 23.017011 | AM48: 27.185401 | AN48: 26.609645 | AO48: 27.261122 | AP48: 26.345082 | AQ48: 25.641649 | AR48: 27.394255 | AS48: 25.835981 | AT48: 26.10444 | AU48: 25.914474 | AV48: 25.997467 | AW48: 25.937501 | AX48: 25.826604 | AY48: 28.131127 | AZ48: 28.065347 | BA48: 28.130911 | BB48: 28.130982 | BC48: 24.255805 | BD48: 26.602576 | BE48: 26.576837 | BF48: 27.969166 | BG48: 24.315714 | BH48: 24.315714 | BI48: 26.767887 | BJ48: 25.274258 | BK48: 27.359411 | BL48: 27.00877 | BM48: 27.00877 | BN48: 28.101622 | BO48: 27.880114 | BP48: 27.002388 | BQ48: 26.718669 | BR48: 27.177868 | BS48: 27.057692 | BT48: =+Cmg_Barra!BT48-Cmg_Cong!BT48 -> 27.359411 | BU48: 25.997467 | BV48: 25.8886 | BW48: 26.975589 | BX48: 27.168125 | BY48: 27.179123 | BZ48: 26.052416 | CA48: 25.347134 | CB48: 25.950457 | CC48: 25.683136 | CD48: 27.669121 | CE48: 25.007721 | CF48: 25.791186 | CG48: 30.533016 | CH48: 25.355723 | CI48: 25.919694 | CJ48: 25.8535 | CK48: 26.961247 | CL48: 28.270226 | CM48: 28.360805 | CN48: 27.866823 | CO48: =+Cmg_Barra!CO48-Cmg_Cong!CO48 -> 27.651972 | CP48: 28.360851 | CQ48: 26.906659 | CR48: 27.00877 | CS48: 26.344976 | CT48: 27.812758 | CU48: 27.841372 | CV48: 26.104445 | CW48: 26.888637 | CX48: 26.090921 | CY48: 26.872275 | CZ48: 25.937501 | DA48: 25.937501 | DB48: 26.225306 | DC48: 28.190837 | DD48: 28.344404 | DE48: 25.584175 | DF48: 23.916448 | DG48: 23.854604 | DH48: 23.865783 | DI48: 26.784786 | DJ48: 25.85758 | DK48: 25.82241 | DL48: 25.16827 | DM48: 30.755949 | DN48: 28.485889 | DO48: 28.485941 | DP48: 27.805651 | DQ48: 27.866823 | DR48: 25.950457 | DS48: 29.958931 | DT48: 25.997467 | DU48: 25.908362 | DV48: 26.299198 | DW48: 24.625232 | DX48: 24.67715 | DY48: 25.426232 | DZ48: 25.431411 | EA48: 24.566085 | EB48: 24.400885 | EC48: 26.15927 | ED48: 26.074428 | EE48: 26.039086 | EF48: 27.28183 | EG48: 24.812096 | EH48: 29.376508 | EI48: 26.293672 | EJ48: 30.17452 | EK48: 25.524692 | EL48: 25.544318 | EM48: 25.544866 | EN48: 26.7105 | EO48: 28.101622 | EP48: 28.101622 | EQ48: 27.596104 | ER48: 27.595575 | ES48: 26.117274 | ET48: 26.117274 | EU48: 27.819748 | EV48: 27.081784 | EW48: 25.696503 | EX48: 27.359411 | EY48: 27.359411 | EZ48: 28.294351 | FA48: 25.123975 | FB48: 27.651972 | FC48: 30.489568 | FD48: 24.754368 | FE48: 30.489568 | FF48: 27.594331 | FG48: 26.337703 | FH48: 27.450873 | FI48: 24.104506 | FJ48: 26.347693 | FK48: 25.870034 | FL48: 27.919554 | FM48: 27.952761 | FN48: 27.903725 | FO48: 26.347713 | FP48: 26.347693 | FQ48: 26.347706 | FR48: 30.088206 | FS48: 30.088206 | FT48: 28.867986 | FU48: 28.89839 | FV48: 28.79591 | FW48: 29.562925 | FX48: 26.234102 | FY48: 28.842126 | FZ48: 28.81363 | GA48: 27.213519 | GB48: 28.337039 | GC48: 26.804495 | GD48: 26.275806 | GE48: 26.220823 | GF48: 25.508369 | GG48: 24.517295 | GH48: 23.432388 | GI48: 23.518631 | GJ48: 26.267661 | GK48: 29.905281
... B51: 43431.999 | C51: 25.485623 | D51: 25.521726 | E51: 25.507275 | F51: 25.485597 | G51: 25.667702 | H51: 27.396847 | I51: 27.498266 | J51: 27.444525 | K51: 26.178647 | L51: 25.599707 | M51: 27.124338 | N51: 26.590279 | O51: 26.042845 | P51: 27.445834 | Q51: 25.91858 | R51: 24.810871 | S51: 24.848649 | T51: 25.727264 | U51: 25.590787 | V51: 25.352491 | W51: 25.270142 | X51: 27.920906 | Y51: 24.517848 | Z51: 26.160174 | AA51: 25.591494 | AB51: 23.765243 | AC51: 25.540526 | AD51: 25.705806 | AE51: 23.865346 | AF51: 27.566817 | AG51: 25.79118 | AH51: 24.809621 | AI51: 24.863687 | AJ51: 27.251184 | AK51: 24.009822 | AL51: 22.398951 | AM51: 26.218431 | AN51: 25.622047 | AO51: 26.314023 | AP51: 25.66825 | AQ51: 24.920343 | AR51: 26.436148 | AS51: 25.249679 | AT51: 25.497773 | AU51: 25.326878 | AV51: 25.371711 | AW51: 25.344891 | AX51: 25.259712 | AY51: 27.178451 | AZ51: 27.193341 | BA51: 27.178238 | BB51: 27.178307 | BC51: 23.632306 | BD51: 25.837092 | BE51: 25.807083 | BF51: 27.041891 | BG51: 23.856297 | BH51: 23.856297 | BI51: 25.981645 | BJ51: 24.513492 | BK51: 26.406921 | BL51: 26.092992 | BM51: 26.092992 | BN51: 26.781367 | BO51: 27.107666 | BP51: 26.153318 | BQ51: 25.934463 | BR51: 26.142209 | BS51: 26.056612 | BT51: =+Cmg_Barra!BT51-Cmg_Cong!BT51 -> 26.406921 | BU51: 25.371711 | BV51: 25.26503 | BW51: 25.883937 | BX51: 26.24653 | BY51: 26.251971 | BZ51: 25.349226 | CA51: 24.596582 | CB51: 25.352491 | CC51: 24.974825 | CD51: 27.198908 | CE51: 24.152119 | CF51: 25.242733 | CG51: 29.647954 | CH51: 24.732864 | CI51: 25.420337 | CJ51: 25.388191 | CK51: 26.071671 | CL51: 27.477142 | CM51: 27.566437 | CN51: 27.094559 | CO51: =+Cmg_Barra!CO51-Cmg_Cong!CO51 -> 26.890359 | CP51: 27.566482 | CQ51: 25.994013 | CR51: 26.092992 | CS51: 25.674449 | CT51: 26.974452 | CU51: 26.996212 | CV51: 25.497778 | CW51: 26.058899 | CX51: 25.425469 | CY51: 26.046508 | CZ51: 25.344891 | DA51: 25.344891 | DB51: 25.519969 | DC51: 27.393029 | DD51: 27.529042 | DE51: 24.731869 | DF51: 23.998977 | DG51: 23.955886 | DH51: 23.225419 | DI51: 26.061307 | DJ51: 25.266191 | DK51: 25.241095 | DL51: 24.436401 | DM51: 29.864424 | DN51: 27.528164 | DO51: 27.528216 | DP51: 27.03708 | DQ51: 27.094559 | DR51: 25.325603 | DS51: 28.505575 | DT51: 25.371711 | DU51: 25.284304 | DV51: 25.592693 | DW51: 24.113676 | DX51: 24.111364 | DY51: 24.803672 | DZ51: 24.999226 | EA51: 23.895698 | EB51: 23.761389 | EC51: 25.502034 | ED51: 25.389545 | EE51: 25.342682 | EF51: 26.47399 | EG51: 23.973919 | EH51: 28.051455 | EI51: 25.631517 | EJ51: 28.783171 | EK51: 25.378528 | EL51: 25.378528 | EM51: 24.915087 | EN51: 25.999124 | EO51: 26.781367 | EP51: 26.781367 | EQ51: 26.844252 | ER51: 26.844089 | ES51: 25.160862 | ET51: 25.160862 | EU51: 26.991122 | EV51: 26.083471 | EW51: 25.140683 | EX51: 26.406921 | EY51: 26.406921 | EZ51: 27.403475 | FA51: 24.509679 | FB51: 26.890359 | FC51: 29.605765 | FD51: 24.132192 | FE51: 29.605765 | FF51: 26.843707 | FG51: 25.667818 | FH51: 26.715147 | FI51: 23.48043 | FJ51: 25.676919 | FK51: 25.02301 | FL51: 27.110275 | FM51: 27.155103 | FN51: 27.114051 | FO51: 25.67694 | FP51: 25.676919 | FQ51: 25.676932 | FR51: 28.617417 | FS51: 28.617417 | FT51: 27.52886 | FU51: 27.554818 | FV51: 27.457622 | FW51: 28.184465 | FX51: 25.361003 | FY51: 28.022934 | FZ51: 28.00225 | GA51: 26.1291 | GB51: 27.566531 | GC51: 25.993314 | GD51: 25.594913 | GE51: 25.540574 | GF51: 24.823931 | GG51: 23.889055 | GH51: 22.796465 | GI51: 22.885171 | GJ51: 25.589266 | GK51: 28.462076
B53: Nota:

Sheet Cmg_Cong
B3: S/./MWh | C3: AGUAYTIA 13.8 | D3: AGUAYTIA 138 | E3: AGUAYTIA 22.9 | F3: AGUAYTIA 220 | G3: ALTO PRADERAS 220kV | H3: ARICOTA1 66 | I3: ARICOTA2 138 | J3: ARICOTA66 | K3: ASIA 220 | L3: AUCAYACU 138 | M3: AYAVIRI 138 | N3: AZANGARO 138 | O3: BELAUNDE 138 | P3: BOTIFLACA 138 | Q3: CACHIMAYO 138 | R3: CAHUA 10 | S3: CAHUA138 | T3: CAJAMARCA 220 | U3: CAJAMARQUILLA 220 | V3: CALLAHUANCA 60 | W3: CALLAHUANCA EDEGEL 220 | X3: CALLALLI 138 | Y3: CAMPO ARMIÑO 220 | Z3: CANTERA 220 | AA3: CARABAYLLO 220 | AB3: CARHUAMAYO 138 | AC3: CARHUAQUE10 | AD3: CARHUAQUERO 220 | AE3: CARIPA138 | AF3: CATKATO4.16 | AG3: CCORONA220 | AH3: CERRO DEL AGUILA 13.8 | AI3: CERRO DEL AGUILA 220 | AJ3: CERRO VERDE 138 | AK3: CH OROYA 50 | AL3: CHAGLLA 220 | AM3: CHARCANI I 33 | AN3: CHARCANI IV 33 | AO3: CHARCANI VI 33 | AP3: CHAVARRIA 220 | AQ3: CHEVES 220 | AR3: CHICLAYO 220 | AS3: CHILCA DOS 13.8 | AT3: CHILCA REP 220 | AU3: CHILCA UNO 220 | AV3: CHILCA500 | AW3: CHILCACTM220 | AX3: CHILCAI16 | AY3: CHILID10.5 | AZ3: CHILINA 138 | BA3: CHILINA 33 | BB3: CHILITG13.8 | BC3: CHIMAY220 | BD3: CHIMBOTE1 138 | BE3: CHIMBOTE1 220 | BF3: COMBAPATA 138 | BG3: CONDORCOCHA 138 | BH3: CONDORCOCHA 44 | BI3: COTARUSE 220 | BJ3: CPATO13.8 | BK3: CT ETEN 220 | BL3: CT INDEPENDENCIA 60 | BM3: CT PISCO 60 | BN3: CT PLANTA PUCALLPA 60 | BO3: CTILO217 | BP3: CUTERVO 138 | BQ3: DESIERTO 220 | BR3: DOLORESPATA 10.5 | BS3: DOLORESPATA 138 | BT3: ETEN 18 | BU3: FENIX 500 | BV3: FENIX18 | BW3: GALLITO CIEGO 60 | BX3: GUADALUPE 220 | BY3: GUADALUPE 60 | BZ3: HUACHO 220 | CA3: HUALLANCA 138 | CB3: HUAMPANI 60 | CC3: HUANCAVELICA 220 | CD3: HUANCHOR50 | CE3: HUANUCO 138 | CF3: HUANZA 220 | CG3: HUAYLLACHO 15 | CH3: HUAYUCACHI 220 | CI3: HUINCO 220 | CJ3: HUINCO12.5 | CK3: ICA 220 | CL3: ILO ELP 138 | CM3: ILO1 138 | CN3: ILO2 220 | CO3: ILO4-18 | CP3: ILOTG1 | CQ3: INDEPENDENCIA 220 | CR3: INDEPENDENCIA 60 | CS3: INDUSTRIALES 220 | CT3: JULIACA 138 | CU3: JULIACA10 | CV3: KALLPA16.5 | CW3: LA NIÑA 220 | CX3: LA RAMADA 220 | CY3: LANIÑA500 | CZ3: LAS FLORES 220 | DA3: LFLORES16.5 | DB3: LOMERA 220 | DC3: LOS HEROES 220 | DD3: LOS HEROES 66 | DE3: MACHUPICCHU 138 | DF3: MALPASO 50 | DG3: MALPASO6.9 | DH3: MARAÑON 60 | DI3: MARCONA 220 | DJ3: MATUCANA 220 | DK3: MATUCANA 12.5 | DL3: MAZUCO138 | DM3: MISAPUQUIO 33 | DN3: MOLLENDO 138 | DO3: MOLLENDO13.8 | DP3: MONTALVO220 | DQ3: MOQUEGUA 138 | DR3: MOYOPAMPA 60 | DS3: NCTUMBES60 | DT3: OLLEROS 500 | DU3: OLLEROS16.5 | DV3: OQUENDO60 | DW3: OROYA NUEVA 50 | DX3: OROYA220 | DY3: PACHACHACA 220 | DZ3: PACHACHACA50 | EA3: PARAGSHA2 138 | EB3: PARAGSHA2 220 | EC3: PARAMONGA EXISTENTE 138 | ED3: PARAMONGA NUEVA 138 | EE3: PARAMONGA NUEVA 220 | EF3: PARIAC 66 | EG3: PIEDRA BLANCA 34.5 kV | EH3: PIURA OESTE 220 | EI3: PLANICIE220 | EJ3: PLANTAETANOL 60 | EK3: PLATANAL13.8 | EL3: PLATANAL220 | EM3: POMACOCHA 220 | EN3: POROMA 220 | EO3: PUCALLPA 0.5 | EP3: PUCALLPA 60 | EQ3: PUERTO BRAVO 18 | ER3: PUERTO BRAVO 500 | ES3: PUERTO MALDONADO 0.5 | ET3: PUERTO MALDONADO 10 | EU3: PUNO 138 | EV3: QUENCORO 138 | EW3: QUITARACSA 220 | EX3: RECKA 220 | EY3: RECKA18 | EZ3: REPARTICIÓN 138 | FA3: RESTITUCIÓN 220 | FB3: S.E. ILO4 500 | FC3: SAN ANTONIO 15 | FD3: SAN GABAN 138 | FE3: SAN IGNACIO 15 | FF3: SAN JOSÉ 500 kV | FG3: SAN JUAN 220 | FH3: SAN NICOLAS 13.8 | FI3: SANTA ISABEL 220 | FJ3: SANTA ROSA 220 | FK3: SANTA TERESA 220 | FL3: SANTUARIO 138 | FM3: SOCABAYA 138 | FN3: SOCABAYA 220 | FO3: SROSATG7 | FP3: SROSATG8 | FQ3: SROSAUTI | FR3: TABLAZO 13.8 | FS3: TABLAZO 60 | FT3: TALARA 220 | FU3: TALARA13.2 | FV3: TALARA13.8 | FW3: TG5_16.5 | FX3: TINGO MARIA 138 | FY3: TINTAYA EXISTENTE 138 | FZ3: TINTAYA NUEVA 220 | GA3: TOCACHE 138 | GB3: TOQUEPALA 138 | GC3: TRUJILLO 220 | GD3: VENTANILLA 220 | GE3: VENTANILLA16 | GF3: VIZCARRA 220 | GG3: YANANGO220 | GH3: YAUPI13.8 | GI3: YAUPI138 | GJ3: ZAPALLAL 220 | GK3: ZORRITOS 220
B4: 43431.021 | C4: 0 | D4: 0 | E4: 0 | F4: 0 | G4: 0 | H4: 0 | I4: 0 | J4: 0 | K4: 0 | L4: 0 | M4: 0 | N4: 0 | O4: 0 | P4: 0 | Q4: 0 | R4: 0 | S4: 0 | T4: 0 | U4: 0 | V4: 0 | W4: 0 | X4: 0 | Y4: 0 | Z4: 0 | AA4: 0 | AB4: 0 | AC4: 0 | AD4: 0 | AE4: 0 | AF4: 0 | AG4: 0 | AH4: 0 | AI4: 0 | AJ4: 0 | AK4: 0 | AL4: 0 | AM4: 0 | AN4: 0 | AO4: 0 | AP4: 0 | AQ4: 0 | AR4: 0 | AS4: 0 | AT4: 0 | AU4: 0 | AV4: 0 | AW4: 0 | AX4: 0 | AY4: 0 | AZ4: 0 | BA4: 0 | BB4: 0 | BC4: 0 | BD4: 0 | BE4: 0 | BF4: 0 | BG4: 0 | BH4: 0 | BI4: 0 | BJ4: 0 | BK4: 0 | BL4: 0 | BM4: 0 | BN4: 0 | BO4: 0 | BP4: 0 | BQ4: 0 | BR4: 0 | BS4: 0 | BT4: 0 | BU4: 0 | BV4: 0 | BW4: 0 | BX4: 0 | BY4: 0 | BZ4: 0 | CA4: 0 | CB4: 0 | CC4: 0 | CD4: 0 | CE4: 0 | CF4: 0 | CG4: 0 | CH4: 0 | CI4: 0 | CJ4: 0 | CK4: 0 | CL4: 0 | CM4: 0 | CN4: 0 | CO4: 0 | CP4: 0 | CQ4: 0 | CR4: 0 | CS4: 0 | CT4: 0 | CU4: 0 | CV4: 0 | CW4: 0 | CX4: 0 | CY4: 0 | CZ4: 0 | DA4: 0 | DB4: 0 | DC4: 0 | DD4: 0 | DE4: 0 | DF4: 0 | DG4: 0 | DH4: 0 | DI4: 0 | DJ4: 0 | DK4: 0 | DL4: 0 | DM4: 0 | DN4: 0 | DO4: 0 | DP4: 0 | DQ4: 0 | DR4: 0 | DS4: 0 | DT4: 0 | DU4: 0 | DV4: 0 | DW4: 0 | DX4: 0 | DY4: 0 | DZ4: 0 | EA4: 0 | EB4: 0 | EC4: 0 | ED4: 0 | EE4: 0 | EF4: 0 | EG4: 0 | EH4: 0 | EI4: 0 | EJ4: 0 | EK4: 0 | EL4: 0 | EM4: 0 | EN4: 0 | EO4: 0 | EP4: 0 | EQ4: 0 | ER4: 0 | ES4: 0 | ET4: 0 | EU4: 0 | EV4: 0 | EW4: 0 | EX4: 0 | EY4: 0 | EZ4: 0 | FA4: 0 | FB4: 0 | FC4: 0 | FD4: 0 | FE4: 0 | FF4: 0 | FG4: 0 | FH4: 0 | FI4: 0 | FJ4: 0 | FK4: 0 | FL4: 0 | FM4: 0 | FN4: 0 | FO4: 0 | FP4: 0 | FQ4: 0 | FR4: 0 | FS4: 0 | FT4: 0 | FU4: 0 | FV4: 0 | FW4: 0 | FX4: 0 | FY4: 0 | FZ4: 0 | GA4: 0 | GB4: 0 | GC4: 0 | GD4: 0 | GE4: 0 | GF4: 0 | GG4: 0 | GH4: 0 | GI4: 0 | GJ4: 0 | GK4: 0
B5: 43431.042 | C5: 0 | D5: 0 | E5: 0 | F5: 0 | G5: 0 | H5: 0 | I5: 0 | J5: 0 | K5: 0 | L5: 0 | M5: 0 | N5: 0 | O5: 0 | P5: 0 | Q5: 0 | R5: 0 | S5: 0 | T5: 0 | U5: 0 | V5: 0 | W5: 0 | X5: 0 | Y5: 0 | Z5: 0 | AA5: 0 | AB5: 0 | AC5: 0 | AD5: 0 | AE5: 0 | AF5: 0 | AG5: 0 | AH5: 0 | AI5: 0 | AJ5: 0 | AK5: 0 | AL5: 0 | AM5: 0 | AN5: 0 | AO5: 0 | AP5: 0 | AQ5: 0 | AR5: 0 | AS5: 0 | AT5: 0 | AU5: 0 | AV5: 0 | AW5: 0 | AX5: 0 | AY5: 0 | AZ5: 0 | BA5: 0 | BB5: 0 | BC5: 0 | BD5: 0 | BE5: 0 | BF5: 0 | BG5: 0 | BH5: 0 | BI5: 0 | BJ5: 0 | BK5: 0 | BL5: 0 | BM5: 0 | BN5: 0 | BO5: 0 | BP5: 0 | BQ5: 0 | BR5: 0 | BS5: 0 | BT5: 0 | BU5: 0 | BV5: 0 | BW5: 0 | BX5: 0 | BY5: 0 | BZ5: 0 | CA5: 0 | CB5: 0 | CC5: 0 | CD5: 0 | CE5: 0 | CF5: 0 | CG5: 0 | CH5: 0 | CI5: 0 | CJ5: 0 | CK5: 0 | CL5: 0 | CM5: 0 | CN5: 0 | CO5: 0 | CP5: 0 | CQ5: 0 | CR5: 0 | CS5: 0 | CT5: 0 | CU5: 0 | CV5: 0 | CW5: 0 | CX5: 0 | CY5: 0 | CZ5: 0 | DA5: 0 | DB5: 0 | DC5: 0 | DD5: 0 | DE5: 0 | DF5: 0 | DG5: 0 | DH5: 0 | DI5: 0 | DJ5: 0 | DK5: 0 | DL5: 0 | DM5: 0 | DN5: 0 | DO5: 0 | DP5: 0 | DQ5: 0 | DR5: 0 | DS5: 0 | DT5: 0 | DU5: 0 | DV5: 0 | DW5: 0 | DX5: 0 | DY5: 0 | DZ5: 0 | EA5: 0 | EB5: 0 | EC5: 0 | ED5: 0 | EE5: 0 | EF5: 0 | EG5: 0 | EH5: 0 | EI5: 0 | EJ5: 0 | EK5: 0 | EL5: 0 | EM5: 0 | EN5: 0 | EO5: 0 | EP5: 0 | EQ5: 0 | ER5: 0 | ES5: 0 | ET5: 0 | EU5: 0 | EV5: 0 | EW5: 0 | EX5: 0 | EY5: 0 | EZ5: 0 | FA5: 0 | FB5: 0 | FC5: 0 | FD5: 0 | FE5: 0 | FF5: 0 | FG5: 0 | FH5: 0 | FI5: 0 | FJ5: 0 | FK5: 0 | FL5: 0 | FM5: 0 | FN5: 0 | FO5: 0 | FP5: 0 | FQ5: 0 | FR5: 0 | FS5: 0 | FT5: 0 | FU5: 0 | FV5: 0 | FW5: 0 | FX5: 0 | FY5: 0 | FZ5: 0 | GA5: 0 | GB5: 0 | GC5: 0 | GD5: 0 | GE5: 0 | GF5: 0 | GG5: 0 | GH5: 0 | GI5: 0 | GJ5: 0 | GK5: 0
B6: 43431.063 | C6: 0 | D6: 0 | E6: 0 | F6: 0 | G6: 0 | H6: 0 | I6: 0 | J6: 0 | K6: 0 | L6: 0 | M6: 0 | N6: 0 | O6: 0 | P6: 0 | Q6: 0 | R6: 0 | S6: 0 | T6: 0 | U6: 0 | V6: 0 | W6: 0 | X6: 0 | Y6: 0 | Z6: 0 | AA6: 0 | AB6: 0 | AC6: 0 | AD6: 0 | AE6: 0 | AF6: 0 | AG6: 0 | AH6: 0 | AI6: 0 | AJ6: 0 | AK6: 0 | AL6: 0 | AM6: 0 | AN6: 0 | AO6: 0 | AP6: 0 | AQ6: 0 | AR6: 0 | AS6: 0 | AT6: 0 | AU6: 0 | AV6: 0 | AW6: 0 | AX6: 0 | AY6: 0 | AZ6: 0 | BA6: 0 | BB6: 0 | BC6: 0 | BD6: 0 | BE6: 0 | BF6: 0 | BG6: 0 | BH6: 0 | BI6: 0 | BJ6: 0 | BK6: 0 | BL6: 0 | BM6: 0 | BN6: 0 | BO6: 0 | BP6: 0 | BQ6: 0 | BR6: 0 | BS6: 0 | BT6: 0 | BU6: 0 | BV6: 0 | BW6: 0 | BX6: 0 | BY6: 0 | BZ6: 0 | CA6: 0 | CB6: 0 | CC6: 0 | CD6: 0 | CE6: 0 | CF6: 0 | CG6: 0 | CH6: 0 | CI6: 0 | CJ6: 0 | CK6: 0 | CL6: 0 | CM6: 0 | CN6: 0 | CO6: 0 | CP6: 0 | CQ6: 0 | CR6: 0 | CS6: 0 | CT6: 0 | CU6: 0 | CV6: 0 | CW6: 0 | CX6: 0 | CY6: 0 | CZ6: 0 | DA6: 0 | DB6: 0 | DC6: 0 | DD6: 0 | DE6: 0 | DF6: 0 | DG6: 0 | DH6: 0 | DI6: 0 | DJ6: 0 | DK6: 0 | DL6: 0 | DM6: 0 | DN6: 0 | DO6: 0 | DP6: 0 | DQ6: 0 | DR6: 0 | DS6: 0 | DT6: 0 | DU6: 0 | DV6: 0 | DW6: 0 | DX6: 0 | DY6: 0 | DZ6: 0 | EA6: 0 | EB6: 0 | EC6: 0 | ED6: 0 | EE6: 0 | EF6: 0 | EG6: 0 | EH6: 0 | EI6: 0 | EJ6: 0 | EK6: 0 | EL6: 0 | EM6: 0 | EN6: 0 | EO6: 0 | EP6: 0 | EQ6: 0 | ER6: 0 | ES6: 0 | ET6: 0 | EU6: 0 | EV6: 0 | EW6: 0 | EX6: 0 | EY6: 0 | EZ6: 0 | FA6: 0 | FB6: 0 | FC6: 0 | FD6: 0 | FE6: 0 | FF6: 0 | FG6: 0 | FH6: 0 | FI6: 0 | FJ6: 0 | FK6: 0 | FL6: 0 | FM6: 0 | FN6: 0 | FO6: 0 | FP6: 0 | FQ6: 0 | FR6: 0 | FS6: 0 | FT6: 0 | FU6: 0 | FV6: 0 | FW6: 0 | FX6: 0 | FY6: 0 | FZ6: 0 | GA6: 0 | GB6: 0 | GC6: 0 | GD6: 0 | GE6: 0 | GF6: 0 | GG6: 0 | GH6: 0 | GI6: 0 | GJ6: 0 | GK6: 0
B7: 43431.083 | C7: 0 | D7: 0 | E7: 0 | F7: 0 | G7: 0 | H7: 0 | I7: 0 | J7: 0 | K7: 0 | L7: 0 | M7: 0 | N7: 0 | O7: 0 | P7: 0 | Q7: 0 | R7: 0 | S7: 0 | T7: 0 | U7: 0 | V7: 0 | W7: 0 | X7: 0 | Y7: 0 | Z7: 0 | AA7: 0 | AB7: 0 | AC7: 0 | AD7: 0 | AE7: 0 | AF7: 0 | AG7: 0 | AH7: 0 | AI7: 0 | AJ7: 0 | AK7: 0 | AL7: 0 | AM7: 0 | AN7: 0 | AO7: 0 | AP7: 0 | AQ7: 0 | AR7: 0 | AS7: 0 | AT7: 0 | AU7: 0 | AV7: 0 | AW7: 0 | AX7: 0 | AY7: 0 | AZ7: 0 | BA7: 0 | BB7: 0 | BC7: 0 | BD7: 0 | BE7: 0 | BF7: 0 | BG7: 0 | BH7: 0 | BI7: 0 | BJ7: 0 | BK7: 0 | BL7: 0 | BM7: 0 | BN7: 0 | BO7: 0 | BP7: 0 | BQ7: 0 | BR7: 0 | BS7: 0 | BT7: 0 | BU7: 0 | BV7: 0 | BW7: 0 | BX7: 0 | BY7: 0 | BZ7: 0 | CA7: 0 | CB7: 0 | CC7: 0 | CD7: 0 | CE7: 0 | CF7: 0 | CG7: 0 | CH7: 0 | CI7: 0 | CJ7: 0 | CK7: 0 | CL7: 0 | CM7: 0 | CN7: 0 | CO7: 0 | CP7: 0 | CQ7: 0 | CR7: 0 | CS7: 0 | CT7: 0 | CU7: 0 | CV7: 0 | CW7: 0 | CX7: 0 | CY7: 0 | CZ7: 0 | DA7: 0 | DB7: 0 | DC7: 0 | DD7: 0 | DE7: 0 | DF7: 0 | DG7: 0 | DH7: 0 | DI7: 0 | DJ7: 0 | DK7: 0 | DL7: 0 | DM7: 0 | DN7: 0 | DO7: 0 | DP7: 0 | DQ7: 0 | DR7: 0 | DS7: 0 | DT7: 0 | DU7: 0 | DV7: 0 | DW7: 0 | DX7: 0 | DY7: 0 | DZ7: 0 | EA7: 0 | EB7: 0 | EC7: 0 | ED7: 0 | EE7: 0 | EF7: 0 | EG7: 0 | EH7: 0 | EI7: 0 | EJ7: 0 | EK7: 0 | EL7: 0 | EM7: 0 | EN7: 0 | EO7: 0 | EP7: 0 | EQ7: 0 | ER7: 0 | ES7: 0 | ET7: 0 | EU7: 0 | EV7: 0 | EW7: 0 | EX7: 0 | EY7: 0 | EZ7: 0 | FA7: 0 | FB7: 0 | FC7: 0 | FD7: 0 | FE7: 0 | FF7: 0 | FG7: 0 | FH7: 0 | FI7: 0 | FJ7: 0 | FK7: 0 | FL7: 0 | FM7: 0 | FN7: 0 | FO7: 0 | FP7: 0 | FQ7: 0 | FR7: 0 | FS7: 0 | FT7: 0 | FU7: 0 | FV7: 0 | FW7: 0 | FX7: 0 | FY7: 0 | FZ7: 0 | GA7: 0 | GB7: 0 | GC7: 0 | GD7: 0 | GE7: 0 | GF7: 0 | GG7: 0 | GH7: 0 | GI7: 0 | GJ7: 0 | GK7: 0
B8: 43431.104 | C8: 0 | D8: 0 | E8: 0 | F8: 0 | G8: 0 | H8: 0 | I8: 0 | J8: 0 | K8: 0 | L8: 0 | M8: 0 | N8: 0 | O8: 0 | P8: 0 | Q8: 0 | R8: 0 | S8: 0 | T8: 0 | U8: 0 | V8: 0 | W8: 0 | X8: 0 | Y8: 0 | Z8: 0 | AA8: 0 | AB8: 0 | AC8: 0 | AD8: 0 | AE8: 0 | AF8: 0 | AG8: 0 | AH8: 0 | AI8: 0 | AJ8: 0 | AK8: 0 | AL8: 0 | AM8: 0 | AN8: 0 | AO8: 0 | AP8: 0 | AQ8: 0 | AR8: 0 | AS8: 0 | AT8: 0 | AU8: 0 | AV8: 0 | AW8: 0 | AX8: 0 | AY8: 0 | AZ8: 0 | BA8: 0 | BB8: 0 | BC8: 0 | BD8: 0 | BE8: 0 | BF8: 0 | BG8: 0 | BH8: 0 | BI8: 0 | BJ8: 0 | BK8: 0 | BL8: 0 | BM8: 0 | BN8: 0 | BO8: 0 | BP8: 0 | BQ8: 0 | BR8: 0 | BS8: 0 | BT8: 0 | BU8: 0 | BV8: 0 | BW8: 0 | BX8: 0 | BY8: 0 | BZ8: 0 | CA8: 0 | CB8: 0 | CC8: 0 | CD8: 0 | CE8: 0 | CF8: 0 | CG8: 0 | CH8: 0 | CI8: 0 | CJ8: 0 | CK8: 0 | CL8: 0 | CM8: 0 | CN8: 0 | CO8: 0 | CP8: 0 | CQ8: 0 | CR8: 0 | CS8: 0 | CT8: 0 | CU8: 0 | CV8: 0 | CW8: 0 | CX8: 0 | CY8: 0 | CZ8: 0 | DA8: 0 | DB8: 0 | DC8: 0 | DD8: 0 | DE8: 0 | DF8: 0 | DG8: 0 | DH8: 0 | DI8: 0 | DJ8: 0 | DK8: 0 | DL8: 0 | DM8: 0 | DN8: 0 | DO8: 0 | DP8: 0 | DQ8: 0 | DR8: 0 | DS8: 0 | DT8: 0 | DU8: 0 | DV8: 0 | DW8: 0 | DX8: 0 | DY8: 0 | DZ8: 0 | EA8: 0 | EB8: 0 | EC8: 0 | ED8: 0 | EE8: 0 | EF8: 0 | EG8: 0 | EH8: 0 | EI8: 0 | EJ8: 0 | EK8: 0 | EL8: 0 | EM8: 0 | EN8: 0 | EO8: 0 | EP8: 0 | EQ8: 0 | ER8: 0 | ES8: 0 | ET8: 0 | EU8: 0 | EV8: 0 | EW8: 0 | EX8: 0 | EY8: 0 | EZ8: 0 | FA8: 0 | FB8: 0 | FC8: 0 | FD8: 0 | FE8: 0 | FF8: 0 | FG8: 0 | FH8: 0 | FI8: 0 | FJ8: 0 | FK8: 0 | FL8: 0 | FM8: 0 | FN8: 0 | FO8: 0 | FP8: 0 | FQ8: 0 | FR8: 0 | FS8: 0 | FT8: 0 | FU8: 0 | FV8: 0 | FW8: 0 | FX8: 0 | FY8: 0 | FZ8: 0 | GA8: 0 | GB8: 0 | GC8: 0 | GD8: 0 | GE8: 0 | GF8: 0 | GG8: 0 | GH8: 0 | GI8: 0 | GJ8: 0 | GK8: 0
B9: 43431.125 | C9: 0 | D9: 0 | E9: 0 | F9: 0 | G9: 0 | H9: 0 | I9: 0 | J9: 0 | K9: 0 | L9: 0 | M9: 0 | N9: 0 | O9: 0 | P9: 0 | Q9: 0 | R9: 0 | S9: 0 | T9: 0 | U9: 0 | V9: 0 | W9: 0 | X9: 0 | Y9: 0 | Z9: 0 | AA9: 0 | AB9: 0 | AC9: 0 | AD9: 0 | AE9: 0 | AF9: 0 | AG9: 0 | AH9: 0 | AI9: 0 | AJ9: 0 | AK9: 0 | AL9: 0 | AM9: 0 | AN9: 0 | AO9: 0 | AP9: 0 | AQ9: 0 | AR9: 0 | AS9: 0 | AT9: 0 | AU9: 0 | AV9: 0 | AW9: 0 | AX9: 0 | AY9: 0 | AZ9: 0 | BA9: 0 | BB9: 0 | BC9: 0 | BD9: 0 | BE9: 0 | BF9: 0 | BG9: 0 | BH9: 0 | BI9: 0 | BJ9: 0 | BK9: 0 | BL9: 0 | BM9: 0 | BN9: 0 | BO9: 0 | BP9: 0 | BQ9: 0 | BR9: 0 | BS9: 0 | BT9: 0 | BU9: 0 | BV9: 0 | BW9: 0 | BX9: 0 | BY9: 0 | BZ9: 0 | CA9: 0 | CB9: 0 | CC9: 0 | CD9: 0 | CE9: 0 | CF9: 0 | CG9: 0 | CH9: 0 | CI9: 0 | CJ9: 0 | CK9: 0 | CL9: 0 | CM9: 0 | CN9: 0 | CO9: 0 | CP9: 0 | CQ9: 0 | CR9: 0 | CS9: 0 | CT9: 0 | CU9: 0 | CV9: 0 | CW9: 0 | CX9: 0 | CY9: 0 | CZ9: 0 | DA9: 0 | DB9: 0 | DC9: 0 | DD9: 0 | DE9: 0 | DF9: 0 | DG9: 0 | DH9: 0 | DI9: 0 | DJ9: 0 | DK9: 0 | DL9: 0 | DM9: 0 | DN9: 0 | DO9: 0 | DP9: 0 | DQ9: 0 | DR9: 0 | DS9: 0 | DT9: 0 | DU9: 0 | DV9: 0 | DW9: 0 | DX9: 0 | DY9: 0 | DZ9: 0 | EA9: 0 | EB9: 0 | EC9: 0 | ED9: 0 | EE9: 0 | EF9: 0 | EG9: 0 | EH9: 0 | EI9: 0 | EJ9: 0 | EK9: 0 | EL9: 0 | EM9: 0 | EN9: 0 | EO9: 0 | EP9: 0 | EQ9: 0 | ER9: 0 | ES9: 0 | ET9: 0 | EU9: 0 | EV9: 0 | EW9: 0 | EX9: 0 | EY9: 0 | EZ9: 0 | FA9: 0 | FB9: 0 | FC9: 0 | FD9: 0 | FE9: 0 | FF9: 0 | FG9: 0 | FH9: 0 | FI9: 0 | FJ9: 0 | FK9: 0 | FL9: 0 | FM9: 0 | FN9: 0 | FO9: 0 | FP9: 0 | FQ9: 0 | FR9: 0 | FS9: 0 | FT9: 0 | FU9: 0 | FV9: 0 | FW9: 0 | FX9: 0 | FY9: 0 | FZ9: 0 | GA9: 0 | GB9: 0 | GC9: 0 | GD9: 0 | GE9: 0 | GF9: 0 | GG9: 0 | GH9: 0 | GI9: 0 | GJ9: 0 | GK9: 0
